"id","matchDate","Country","League","Season","homeTeam","awayTeam","referee","FTHG","FTAG","FTR"
"91424","28-05-25 21:00","Europe","Conference League","2024/2025","Betis","Chelsea","Irfan Peljto","1","4","A"
"91425","08-05-25 21:00","Europe","Conference League","2024/2025","Chelsea","Djurgarden","Jonathan Benkenstein Pinheiro","1","0","H"
"91426","08-05-25 21:00","Europe","Conference League","2024/2025","Fiorentina","Betis","Glenn Nyberg","2","1","H"
"91427","01-05-25 21:00","Europe","Conference League","2024/2025","Betis","Fiorentina","Michael Oliver","2","1","H"
"91428","01-05-25 21:00","Europe","Conference League","2024/2025","Djurgarden","Chelsea","Sandro Schärer","1","4","A"
"91429","17-04-25 21:00","Europe","Conference League","2024/2025","Chelsea","Legia","Alejandro Hernandez","1","2","A"
"91430","17-04-25 21:00","Europe","Conference League","2024/2025","SK Rapid","Djurgarden","Anthony Taylor","1","2","A"
"91431","17-04-25 18:45","Europe","Conference League","2024/2025","Fiorentina","Celje","Jonathan Benkenstein Pinheiro","2","2","D"
"91432","17-04-25 18:45","Europe","Conference League","2024/2025","Jagiellonia","Betis","Clement Turpin","1","1","D"
"91433","10-04-25 21:00","Europe","Conference League","2024/2025","Betis","Jagiellonia","Anthony Taylor","2","0","H"
"91434","10-04-25 21:00","Europe","Conference League","2024/2025","Celje","Fiorentina","Felix Zwayer","1","2","A"
"91435","10-04-25 21:00","Europe","Conference League","2024/2025","Djurgarden","SK Rapid","Tobias Stieler","0","1","A"
"91436","10-04-25 18:45","Europe","Conference League","2024/2025","Legia","Chelsea","Serdar Gozubuyuk","0","3","A"
"91437","13-03-25 21:00","Europe","Conference League","2024/2025","Chelsea","FC Copenhagen","Radu Marian Petrescu","1","0","H"
"91438","13-03-25 21:00","Europe","Conference League","2024/2025","Fiorentina","Panathinaikos","John Beaton","3","1","H"
"91439","13-03-25 21:00","Europe","Conference League","2024/2025","Legia","Molde","Matej Jug","1","0","H"
"91440","13-03-25 21:00","Europe","Conference League","2024/2025","Vitoria Guimaraes","Betis","Serdar Gozubuyuk","0","4","A"
"91441","13-03-25 18:45","Europe","Conference League","2024/2025","Cercle Brugge KSV","Jagiellonia","Morten Krogh","2","0","H"
"91442","13-03-25 18:45","Europe","Conference League","2024/2025","Djurgarden","Pafos","Sebastian Gishamer","3","0","H"
"91443","13-03-25 18:45","Europe","Conference League","2024/2025","Lugano","Celje","Andris Treimanis","4","3","H"
"91444","13-03-25 18:45","Europe","Conference League","2024/2025","SK Rapid","Borac Banja Luka","Allard Lindhout","1","1","D"
"91445","06-03-25 21:00","Europe","Conference League","2024/2025","Borac Banja Luka","SK Rapid","Jérôme Brisard","1","1","D"
"91446","06-03-25 21:00","Europe","Conference League","2024/2025","Celje","Lugano","Antonio Nobre","1","0","H"
"91447","06-03-25 21:00","Europe","Conference League","2024/2025","Jagiellonia","Cercle Brugge KSV","Anastasios Sidiropoulos","3","0","H"
"91448","06-03-25 21:00","Europe","Conference League","2024/2025","Pafos","Djurgarden","Giorgi Kruashvili","1","0","H"
"91449","06-03-25 18:45","Europe","Conference League","2024/2025","Betis","Vitoria Guimaraes","Nikola Dabanovic","2","2","D"
"91450","06-03-25 18:45","Europe","Conference League","2024/2025","FC Copenhagen","Chelsea","Georgi Kabakov","1","2","A"
"91451","06-03-25 18:45","Europe","Conference League","2024/2025","Molde","Legia","Horatiu Fesnic","3","2","H"
"91452","06-03-25 18:45","Europe","Conference League","2024/2025","Panathinaikos","Fiorentina","Eric Lambrechts","3","2","H"
"91453","20-02-25 21:00","Europe","Conference League","2024/2025","APOEL","Celje","John Beaton","0","2","A"
"91454","20-02-25 21:00","Europe","Conference League","2024/2025","Jagiellonia","TSC","Allard Lindhout","3","1","H"
"91455","20-02-25 21:00","Europe","Conference League","2024/2025","Panathinaikos","Vikingur Reykjavik","Rade Obrenovič","2","0","H"
"91456","20-02-25 21:00","Europe","Conference League","2024/2025","Shamrock Rovers","Molde","Anastasios Sidiropoulos","0","1","A"
"91457","20-02-25 18:45","Europe","Conference League","2024/2025","Betis","Gent","Damian Sylwestrzak","0","1","A"
"91458","20-02-25 18:45","Europe","Conference League","2024/2025","Heidenheim","FC Copenhagen","Nikola Dabanovic","1","2","A"
"91459","20-02-25 18:45","Europe","Conference League","2024/2025","O. Ljubljana","Borac Banja Luka","Manfredas Lukjancukas","0","0","D"
"91460","20-02-25 18:45","Europe","Conference League","2024/2025","Pafos","Omonia","Clement Turpin","2","1","H"
"91461","13-02-25 21:00","Europe","Conference League","2024/2025","Borac Banja Luka","O. Ljubljana","Radu Marian Petrescu","1","0","H"
"91462","13-02-25 21:00","Europe","Conference League","2024/2025","FC Copenhagen","Heidenheim","Alexandros Tsakalidis","1","2","A"
"91463","13-02-25 21:00","Europe","Conference League","2024/2025","Gent","Betis","Horatiu Fesnic","0","3","A"
"91464","13-02-25 21:00","Europe","Conference League","2024/2025","Omonia","Pafos","Simone Sozza","1","1","D"
"91465","13-02-25 18:45","Europe","Conference League","2024/2025","Celje","APOEL","Mykola Balakin","2","2","D"
"91466","13-02-25 18:45","Europe","Conference League","2024/2025","Molde","Shamrock Rovers","Andris Treimanis","0","1","A"
"91467","13-02-25 18:45","Europe","Conference League","2024/2025","TSC","Jagiellonia","Antonio Nobre","1","3","A"
"91468","13-02-25 18:45","Europe","Conference League","2024/2025","Vikingur Reykjavik","Panathinaikos","Rohit Saggi","2","1","H"
"91469","19-12-24 21:00","Europe","Conference League","2024/2025","APOEL","FC Astana","Sebastian Gishamer","1","1","D"
"91470","19-12-24 21:00","Europe","Conference League","2024/2025","Betis","HJK","Patrik Kolarić","1","0","H"
"91471","19-12-24 21:00","Europe","Conference League","2024/2025","Borac Banja Luka","Omonia","Mohammed Al-Hakim","0","0","D"
"91472","19-12-24 21:00","Europe","Conference League","2024/2025","Celje","TNS","Lukas Fahndrich","3","2","H"
"91473","19-12-24 21:00","Europe","Conference League","2024/2025","Cercle Brugge KSV","Basaksehir","István Vad","1","1","D"
"91474","19-12-24 21:00","Europe","Conference League","2024/2025","Chelsea","Shamrock Rovers","Willy Delajod","5","1","H"
"91475","19-12-24 21:00","Europe","Conference League","2024/2025","Djurgarden","Legia","David Smajc","3","1","H"
"91476","19-12-24 21:00","Europe","Conference League","2024/2025","Hearts","Petrocub","Ondrej Berka","2","2","D"
"91477","19-12-24 21:00","Europe","Conference League","2024/2025","Heidenheim","St. Gallen","Javier Alberola Rojas","1","1","D"
"91478","19-12-24 21:00","Europe","Conference League","2024/2025","Jagiellonia","O. Ljubljana","Luís Godinho","0","0","D"
"91479","19-12-24 21:00","Europe","Conference League","2024/2025","Larne","Gent","Sigurd Smehus Kringstad","1","0","H"
"91480","19-12-24 21:00","Europe","Conference League","2024/2025","LASK","Vikingur Reykjavik","Mohammad Al-Emara","1","1","D"
"91481","19-12-24 21:00","Europe","Conference League","2024/2025","Lugano","Pafos","Nenad Minaković","2","2","D"
"91482","19-12-24 21:00","Europe","Conference League","2024/2025","Molde","Mlada Boleslav","Visar Kastrati","4","3","H"
"91483","19-12-24 21:00","Europe","Conference League","2024/2025","Panathinaikos","Din. Minsk","Robert Hennessy","4","0","H"
"91484","19-12-24 21:00","Europe","Conference League","2024/2025","SK Rapid","FC Copenhagen","John Beaton","3","0","H"
"91485","19-12-24 21:00","Europe","Conference League","2024/2025","TSC","Noah","Marian Barbu","4","3","H"
"91486","19-12-24 21:00","Europe","Conference League","2024/2025","Vitoria Guimaraes","Fiorentina","Juxhin Xhaja","1","1","D"
"91487","12-12-24 21:00","Europe","Conference League","2024/2025","Gent","TSC","Ashot Ghaltakhchyan","3","0","H"
"91488","12-12-24 21:00","Europe","Conference League","2024/2025","Mlada Boleslav","Jagiellonia","David Dickinson","1","0","H"
"91489","12-12-24 21:00","Europe","Conference League","2024/2025","Omonia","SK Rapid","Daniel Stefanski","3","1","H"
"91490","12-12-24 21:00","Europe","Conference League","2024/2025","Pafos","Celje","Paweł Raczkowski","2","0","H"
"91491","12-12-24 21:00","Europe","Conference League","2024/2025","Shamrock Rovers","Borac Banja Luka","Stefan Ebner","3","0","H"
"91492","12-12-24 21:00","Europe","Conference League","2024/2025","St. Gallen","Vitoria Guimaraes","Nick Walsh","1","4","A"
"91493","12-12-24 21:00","Europe","Conference League","2024/2025","TNS","Panathinaikos","Oliver Reitala","0","2","A"
"91494","12-12-24 18:45","Europe","Conference League","2024/2025","Basaksehir","Heidenheim","Marco Guida","3","1","H"
"91495","12-12-24 18:45","Europe","Conference League","2024/2025","Din. Minsk","Larne","Sayat Karabaev","2","0","H"
"91496","12-12-24 18:45","Europe","Conference League","2024/2025","FC Copenhagen","Hearts","Andrea Colombo","2","0","H"
"91497","12-12-24 18:45","Europe","Conference League","2024/2025","Fiorentina","LASK","Balazs Berke","7","0","H"
"91498","12-12-24 18:45","Europe","Conference League","2024/2025","HJK","Molde","Atilla Karaoglan","2","2","D"
"91499","12-12-24 18:45","Europe","Conference League","2024/2025","Legia","Lugano","Juan Martinez Munuera","1","2","A"
"91500","12-12-24 18:45","Europe","Conference League","2024/2025","Noah","APOEL","Milos Milanovic","1","3","A"
"91501","12-12-24 18:45","Europe","Conference League","2024/2025","O. Ljubljana","Cercle Brugge KSV","Adam Ladeback","1","4","A"
"91502","12-12-24 18:45","Europe","Conference League","2024/2025","Petrocub","Betis","Lothar D'hondt","0","1","A"
"91503","12-12-24 16:30","Europe","Conference League","2024/2025","FC Astana","Chelsea","Sven Jablonski","1","3","A"
"91504","12-12-24 14:00","Europe","Conference League","2024/2025","Vikingur Reykjavik","Djurgarden","Luka Bilbija","1","2","A"
"91505","28-11-24 21:00","Europe","Conference League","2024/2025","Fiorentina","Pafos","Espen Eskas","3","2","H"
"91506","28-11-24 21:00","Europe","Conference League","2024/2025","Lugano","Gent","Enea Jorgji","2","0","H"
"91507","28-11-24 21:00","Europe","Conference League","2024/2025","Mlada Boleslav","Betis","Daniel Schlager","2","1","H"
"91508","28-11-24 21:00","Europe","Conference League","2024/2025","O. Ljubljana","Larne","Sander van der Eijk","1","0","H"
"91509","28-11-24 21:00","Europe","Conference League","2024/2025","Omonia","Legia","Radoslav Gidzhenov","0","3","A"
"91510","28-11-24 21:00","Europe","Conference League","2024/2025","SK Rapid","Shamrock Rovers","Gergo Bogar","1","1","D"
"91511","28-11-24 18:45","Europe","Conference League","2024/2025","Borac Banja Luka","LASK","Gustavo Correia","2","1","H"
"91512","28-11-24 18:45","Europe","Conference League","2024/2025","Celje","Jagiellonia","Allard Lindhout","3","3","D"
"91513","28-11-24 18:45","Europe","Conference League","2024/2025","Cercle Brugge KSV","Hearts","Elcin Masiyev","2","0","H"
"91514","28-11-24 18:45","Europe","Conference League","2024/2025","Din. Minsk","FC Copenhagen","Michal Očenáš","1","2","A"
"91515","28-11-24 18:45","Europe","Conference League","2024/2025","Heidenheim","Chelsea","Serdar Gozubuyuk","0","2","A"
"91516","28-11-24 18:45","Europe","Conference League","2024/2025","Molde","APOEL","Damian Sylwestrzak","0","1","A"
"91517","28-11-24 18:45","Europe","Conference League","2024/2025","Noah","Vikingur Reykjavik","Menelaos Antoniou","0","0","D"
"91518","28-11-24 18:45","Europe","Conference League","2024/2025","Panathinaikos","HJK","Donatas Rumsas","1","0","H"
"91519","28-11-24 18:45","Europe","Conference League","2024/2025","St. Gallen","TSC","Jeremie Pignard","2","2","D"
"91520","28-11-24 18:45","Europe","Conference League","2024/2025","TNS","Djurgarden","Philip Farrugia","0","1","A"
"91521","28-11-24 16:30","Europe","Conference League","2024/2025","FC Astana","Vitoria Guimaraes","Nikola Dabanovic","1","1","D"
"91522","27-11-24 16:30","Europe","Conference League","2024/2025","Basaksehir","Petrocub","Genc Nuza","1","1","D"
"91523","07-11-24 21:00","Europe","Conference League","2024/2025","APOEL","Fiorentina","François Letexier","2","1","H"
"91524","07-11-24 21:00","Europe","Conference League","2024/2025","Betis","Celje","Simovic Novak","2","1","H"
"91525","07-11-24 21:00","Europe","Conference League","2024/2025","Chelsea","Noah","Christian-Petru Ciochirca","8","0","H"
"91526","07-11-24 21:00","Europe","Conference League","2024/2025","Djurgarden","Panathinaikos","Igor Pajač","2","1","H"
"91527","07-11-24 21:00","Europe","Conference League","2024/2025","FC Copenhagen","Basaksehir","Joey Kooij","2","2","D"
"91528","07-11-24 21:00","Europe","Conference League","2024/2025","Hearts","Heidenheim","Kristoffer Hagenes","0","2","A"
"91529","07-11-24 21:00","Europe","Conference League","2024/2025","Jagiellonia","Molde","Milos Milanovic","3","0","H"
"91530","07-11-24 21:00","Europe","Conference League","2024/2025","Larne","St. Gallen","Ishmael Barbara","1","2","A"
"91531","07-11-24 21:00","Europe","Conference League","2024/2025","LASK","Cercle Brugge KSV","Radoslav Gidzhenov","0","0","D"
"91532","07-11-24 21:00","Europe","Conference League","2024/2025","Vitoria Guimaraes","Mlada Boleslav","Paweł Raczkowski","2","1","H"
"91533","07-11-24 18:45","Europe","Conference League","2024/2025","Gent","Omonia","Tamas Bognar","1","0","H"
"91534","07-11-24 18:45","Europe","Conference League","2024/2025","HJK","O. Ljubljana","Robert Jones","0","2","A"
"91535","07-11-24 18:45","Europe","Conference League","2024/2025","Legia","Din. Minsk","Atilla Karaoglan","4","0","H"
"91536","07-11-24 18:45","Europe","Conference League","2024/2025","Pafos","FC Astana","Donald Robertson","1","0","H"
"91537","07-11-24 18:45","Europe","Conference League","2024/2025","Petrocub","SK Rapid","Antoni Bandić","0","3","A"
"91538","07-11-24 18:45","Europe","Conference League","2024/2025","Shamrock Rovers","TNS","Snir Levy","2","1","H"
"91539","07-11-24 18:45","Europe","Conference League","2024/2025","TSC","Lugano","Jacob A. Sundberg","4","1","H"
"91540","07-11-24 15:30","Europe","Conference League","2024/2025","Vikingur Reykjavik","Borac Banja Luka","Jan Petrik","2","0","H"
"91541","24-10-24 21:00","Europe","Conference League","2024/2025","Betis","FC Copenhagen","Willy Delajod","1","1","D"
"91542","24-10-24 21:00","Europe","Conference League","2024/2025","HJK","Din. Minsk","Henrik Nalbandyan","1","0","H"
"91543","24-10-24 21:00","Europe","Conference League","2024/2025","Mlada Boleslav","Lugano","Chrysovalantis Theouli","0","1","A"
"91544","24-10-24 21:00","Europe","Conference League","2024/2025","O. Ljubljana","LASK","Daniele Chiffi","2","0","H"
"91545","24-10-24 21:00","Europe","Conference League","2024/2025","Pafos","Heidenheim","Jasper Vergoote","0","1","A"
"91546","24-10-24 21:00","Europe","Conference League","2024/2025","TNS","FC Astana","Juri Frischer","2","0","H"
"91547","24-10-24 21:00","Europe","Conference League","2024/2025","TSC","Legia","Julian Weinberger","0","3","A"
"91548","24-10-24 18:45","Europe","Conference League","2024/2025","APOEL","Borac Banja Luka","Robert Jones","0","1","A"
"91549","24-10-24 18:45","Europe","Conference League","2024/2025","Celje","Basaksehir","Oleksiy Derevinskyi","5","1","H"
"91550","24-10-24 18:45","Europe","Conference League","2024/2025","Djurgarden","Vitoria Guimaraes","Genc Nuza","1","2","A"
"91551","24-10-24 18:45","Europe","Conference League","2024/2025","Gent","Molde","Goga Kikacheishvili","2","1","H"
"91552","24-10-24 18:45","Europe","Conference League","2024/2025","Hearts","Omonia","Michal Očenáš","2","0","H"
"91553","24-10-24 18:45","Europe","Conference League","2024/2025","Jagiellonia","Petrocub","Daniyar Sakhi","2","0","H"
"91554","24-10-24 18:45","Europe","Conference League","2024/2025","Larne","Shamrock Rovers","Vassilis Fotias","1","4","A"
"91555","24-10-24 18:45","Europe","Conference League","2024/2025","Panathinaikos","Chelsea","Antonio Nobre","1","4","A"
"91556","24-10-24 18:45","Europe","Conference League","2024/2025","SK Rapid","Noah","Kristo Tohver","1","0","H"
"91557","24-10-24 18:45","Europe","Conference League","2024/2025","St. Gallen","Fiorentina","Yigal Frid","2","4","A"
"91558","24-10-24 16:30","Europe","Conference League","2024/2025","Vikingur Reykjavik","Cercle Brugge KSV","Vitalijs Spasjonnikovs","3","1","H"
"91559","03-10-24 21:00","Europe","Conference League","2024/2025","Borac Banja Luka","Panathinaikos","Elcin Masiyev","1","1","D"
"91560","03-10-24 21:00","Europe","Conference League","2024/2025","Chelsea","Gent","Daniel Schlager","4","2","H"
"91561","03-10-24 21:00","Europe","Conference League","2024/2025","FC Copenhagen","Jagiellonia","Robert Harvey","1","2","A"
"91562","03-10-24 21:00","Europe","Conference League","2024/2025","Fiorentina","TNS","Sebastian Gishamer","2","0","H"
"91563","03-10-24 21:00","Europe","Conference League","2024/2025","LASK","Djurgarden","Bulat Sariyev","2","2","D"
"91564","03-10-24 21:00","Europe","Conference League","2024/2025","Lugano","HJK","David Dickinson","3","0","H"
"91565","03-10-24 21:00","Europe","Conference League","2024/2025","Petrocub","Pafos","Mikkel Redder","1","4","A"
"91566","03-10-24 21:00","Europe","Conference League","2024/2025","Shamrock Rovers","APOEL","Jeremie Pignard","1","1","D"
"91567","03-10-24 18:45","Europe","Conference League","2024/2025","Cercle Brugge KSV","St. Gallen","Arda Kardesler","6","2","H"
"91568","03-10-24 18:45","Europe","Conference League","2024/2025","Din. Minsk","Hearts","Mohammed Al-Hakim","1","2","A"
"91569","03-10-24 18:45","Europe","Conference League","2024/2025","FC Astana","TSC","Oliver Reitala","1","0","H"
"91570","03-10-24 18:45","Europe","Conference League","2024/2025","Heidenheim","O. Ljubljana","Enea Jorgji","2","1","H"
"91571","03-10-24 18:45","Europe","Conference League","2024/2025","Legia","Betis","Luca Pairetto","1","0","H"
"91572","03-10-24 18:45","Europe","Conference League","2024/2025","Molde","Larne","Dario Bel","3","0","H"
"91573","03-10-24 18:45","Europe","Conference League","2024/2025","Noah","Mlada Boleslav","Radoslav Gidzhenov","2","0","H"
"91574","03-10-24 18:45","Europe","Conference League","2024/2025","Omonia","Vikingur Reykjavik","Sander van der Eijk","4","0","H"
"91575","02-10-24 16:30","Europe","Conference League","2024/2025","Basaksehir","SK Rapid","Adam Ladeback","1","2","A"
"91576","02-10-24 16:30","Europe","Conference League","2024/2025","Vitoria Guimaraes","Celje","Lothar D'hondt","3","1","H"
"91283","29-05-24 21:00","Europe","Conference League","2023/2024","Olympiacos Piraeus","Fiorentina","Artur Soares Dias","0","0","D"
"91284","09-05-24 21:00","Europe","Conference League","2023/2024","Olympiacos Piraeus","Aston Villa","Felix Zwayer","2","0","H"
"91285","08-05-24 18:45","Europe","Conference League","2023/2024","Club Brugge KV","Fiorentina","Halil Umut Meler","1","1","D"
"91286","02-05-24 21:00","Europe","Conference League","2023/2024","Aston Villa","Olympiacos Piraeus","Marco Guida","2","4","A"
"91287","02-05-24 21:00","Europe","Conference League","2023/2024","Fiorentina","Club Brugge KV","Michael Oliver","3","2","H"
"91288","18-04-24 21:00","Europe","Conference League","2023/2024","Fenerbahce","Olympiacos Piraeus","Tobias Stieler","1","0","H"
"91289","18-04-24 21:00","Europe","Conference League","2023/2024","PAOK","Club Brugge KV","Davide Massa","0","2","A"
"91290","18-04-24 18:45","Europe","Conference League","2023/2024","Fiorentina","Plzen","Jesus Gil Manzano","0","0","D"
"91291","18-04-24 18:45","Europe","Conference League","2023/2024","Lille","Aston Villa","Ivan Kružliak","2","1","H"
"91292","11-04-24 21:00","Europe","Conference League","2023/2024","Aston Villa","Lille","Espen Eskas","2","1","H"
"91293","11-04-24 21:00","Europe","Conference League","2023/2024","Club Brugge KV","PAOK","Daniel Siebert","1","0","H"
"91294","11-04-24 18:45","Europe","Conference League","2023/2024","Olympiacos Piraeus","Fenerbahce","Sandro Schärer","3","2","H"
"91295","11-04-24 18:45","Europe","Conference League","2023/2024","Plzen","Fiorentina","Orel Grinfeeld","0","0","D"
"91296","14-03-24 21:00","Europe","Conference League","2023/2024","Aston Villa","Ajax","Orel Grinfeeld","4","0","H"
"91297","14-03-24 21:00","Europe","Conference League","2023/2024","Club Brugge KV","Molde","Radu Marian Petrescu","3","0","H"
"91298","14-03-24 21:00","Europe","Conference League","2023/2024","Lille","Sturm Graz","Matej Jug","1","1","D"
"91299","14-03-24 21:00","Europe","Conference League","2023/2024","Maccabi Tel Aviv","Olympiacos Piraeus","Maurizio Mariani","1","4","A"
"91300","14-03-24 18:45","Europe","Conference League","2023/2024","Fenerbahce","Royale Union SG","Nikola Dabanovic","0","1","A"
"91301","14-03-24 18:45","Europe","Conference League","2023/2024","Fiorentina","Maccabi Haifa","Irfan Peljto","1","1","D"
"91302","14-03-24 18:45","Europe","Conference League","2023/2024","PAOK","Din. Zagreb","Harm Osmers","5","1","H"
"91303","14-03-24 18:45","Europe","Conference League","2023/2024","Plzen","Servette","William Collum","0","0","D"
"91304","07-03-24 21:00","Europe","Conference League","2023/2024","Din. Zagreb","PAOK","Aliyar Aghayev","2","0","H"
"91305","07-03-24 21:00","Europe","Conference League","2023/2024","Maccabi Haifa","Fiorentina","Donatas Rumsas","3","4","A"
"91306","07-03-24 21:00","Europe","Conference League","2023/2024","Royale Union SG","Fenerbahce","Jonathan Benkenstein Pinheiro","0","3","A"
"91307","07-03-24 21:00","Europe","Conference League","2023/2024","Servette","Plzen","Morten Krogh","0","0","D"
"91308","07-03-24 18:45","Europe","Conference League","2023/2024","Ajax","Aston Villa","Enea Jorgji","0","0","D"
"91309","07-03-24 18:45","Europe","Conference League","2023/2024","Molde","Club Brugge KV","Filip Glova","2","1","H"
"91310","07-03-24 18:45","Europe","Conference League","2023/2024","Olympiacos Piraeus","Maccabi Tel Aviv","Craig Pawson","1","4","A"
"91311","07-03-24 18:45","Europe","Conference League","2023/2024","Sturm Graz","Lille","Bartosz Frankowski","0","3","A"
"91312","22-02-24 21:00","Europe","Conference League","2023/2024","Eintracht Frankfurt","Royale Union SG","Espen Eskas","1","2","A"
"91313","22-02-24 21:00","Europe","Conference League","2023/2024","Ferencvaros","Olympiacos Piraeus","Clement Turpin","0","1","A"
"91314","22-02-24 21:00","Europe","Conference League","2023/2024","Legia","Molde","Harm Osmers","0","3","A"
"91315","22-02-24 21:00","Europe","Conference League","2023/2024","Slovan Bratislava","Sturm Graz","Orel Grinfeeld","0","1","A"
"91316","22-02-24 18:45","Europe","Conference League","2023/2024","Bodo/Glimt","Ajax","Anastasios Sidiropoulos","1","1","D"
"91317","22-02-24 18:45","Europe","Conference League","2023/2024","Din. Zagreb","Betis","Urs Schnyder","1","1","D"
"91318","22-02-24 18:45","Europe","Conference League","2023/2024","Ludogorets","Servette","Aliyar Aghayev","0","1","A"
"91319","21-02-24 18:00","Europe","Conference League","2023/2024","Gent","Maccabi Haifa","Matej Jug","1","1","D"
"91320","15-02-24 21:00","Europe","Conference League","2023/2024","Ajax","Bodo/Glimt","Antonio Nobre","2","2","D"
"91321","15-02-24 21:00","Europe","Conference League","2023/2024","Betis","Din. Zagreb","Mykola Balakin","0","1","A"
"91322","15-02-24 21:00","Europe","Conference League","2023/2024","Maccabi Haifa","Gent","William Collum","1","0","H"
"91323","15-02-24 21:00","Europe","Conference League","2023/2024","Servette","Ludogorets","Filip Glova","0","0","D"
"91324","15-02-24 18:45","Europe","Conference League","2023/2024","Molde","Legia","Enea Jorgji","3","2","H"
"91325","15-02-24 18:45","Europe","Conference League","2023/2024","Olympiacos Piraeus","Ferencvaros","Glenn Nyberg","1","0","H"
"91326","15-02-24 18:45","Europe","Conference League","2023/2024","Royale Union SG","Eintracht Frankfurt","Craig Pawson","2","2","D"
"91327","15-02-24 18:45","Europe","Conference League","2023/2024","Sturm Graz","Slovan Bratislava","Mohammed Al-Hakim","4","1","H"
"91328","14-12-23 21:00","Europe","Conference League","2023/2024","Club Brugge KV","Bodo/Glimt","Anastasios Papapetrou","3","1","H"
"91329","14-12-23 21:00","Europe","Conference League","2023/2024","Din. Zagreb","FC Ballkani","Ricardo De Burgos Bengoetxea","3","0","H"
"91330","14-12-23 21:00","Europe","Conference League","2023/2024","FK Zorya Luhansk","Breidablik","Tomas Klima","4","0","H"
"91331","14-12-23 21:00","Europe","Conference League","2023/2024","Lille","Klaksvik","Antonio Nobre","3","0","H"
"91332","14-12-23 21:00","Europe","Conference League","2023/2024","Lugano","Besiktas","Paweł Raczkowski","0","2","A"
"91333","14-12-23 21:00","Europe","Conference League","2023/2024","Maccabi Tel Aviv","Gent","Jesus Gil Manzano","3","1","H"
"91334","14-12-23 21:00","Europe","Conference League","2023/2024","Plzen","FC Astana","Willy Delajod","3","0","H"
"91335","14-12-23 21:00","Europe","Conference League","2023/2024","Slovan Bratislava","O. Ljubljana","Arda Kardesler","1","2","A"
"91336","14-12-23 18:45","Europe","Conference League","2023/2024","Aberdeen","Eintracht Frankfurt","Miguel Nogueira","2","0","H"
"91337","14-12-23 18:45","Europe","Conference League","2023/2024","Fenerbahce","Trnava","Aleksandar Stavrev","4","0","H"
"91338","14-12-23 18:45","Europe","Conference League","2023/2024","Ferencvaros","Fiorentina","Luís Godinho","1","1","D"
"91339","14-12-23 18:45","Europe","Conference League","2023/2024","Genk","Cukaricki","Trustin Farrugia Cann","2","0","H"
"91340","14-12-23 18:45","Europe","Conference League","2023/2024","Legia","AZ Alkmaar","Harald Lechner","2","0","H"
"91341","14-12-23 18:45","Europe","Conference League","2023/2024","Ludogorets","Nordsjaelland","Ovidiu Hategan","1","0","H"
"91342","14-12-23 18:45","Europe","Conference League","2023/2024","PAOK","HJK","Giorgi Kruashvili","4","2","H"
"91343","14-12-23 18:45","Europe","Conference League","2023/2024","Zrinjski","Aston Villa","Balazs Berke","1","1","D"
"91344","30-11-23 21:00","Europe","Conference League","2023/2024","Aston Villa","Legia","Marco Di Bello","2","1","H"
"91345","30-11-23 21:00","Europe","Conference League","2023/2024","Cukaricki","Ferencvaros","Mohammad Al-Emara","1","2","A"
"91346","30-11-23 21:00","Europe","Conference League","2023/2024","Eintracht Frankfurt","PAOK","Damian Sylwestrzak","1","2","A"
"91347","30-11-23 21:00","Europe","Conference League","2023/2024","Fiorentina","Genk","Joey Kooij","2","1","H"
"91348","30-11-23 21:00","Europe","Conference League","2023/2024","Nordsjaelland","Fenerbahce","Jeremie Pignard","6","1","H"
"91349","30-11-23 21:00","Europe","Conference League","2023/2024","Trnava","Ludogorets","Vitalijs Spasjonnikovs","1","2","A"
"91350","30-11-23 18:45","Europe","Conference League","2023/2024","AZ Alkmaar","Zrinjski","Oleksiy Derevinskyi","1","0","H"
"91351","30-11-23 18:45","Europe","Conference League","2023/2024","Besiktas","Club Brugge KV","David Smajc","0","5","A"
"91352","30-11-23 18:45","Europe","Conference League","2023/2024","Bodo/Glimt","Lugano","Dario Bel","5","2","H"
"91353","30-11-23 18:45","Europe","Conference League","2023/2024","FC Ballkani","Plzen","Marian Barbu","0","1","A"
"91354","30-11-23 18:45","Europe","Conference League","2023/2024","Gent","FK Zorya Luhansk","Evangelos Manouchos","4","1","H"
"91355","30-11-23 18:45","Europe","Conference League","2023/2024","HJK","Aberdeen","Genc Nuza","2","2","D"
"91356","30-11-23 18:45","Europe","Conference League","2023/2024","Klaksvik","Slovan Bratislava","Kristo Tohver","1","2","A"
"91357","30-11-23 18:45","Europe","Conference League","2023/2024","O. Ljubljana","Lille","Sven Jablonski","0","2","A"
"91358","30-11-23 16:30","Europe","Conference League","2023/2024","FC Astana","Din. Zagreb","John Beaton","0","2","A"
"91359","30-11-23 14:00","Europe","Conference League","2023/2024","Breidablik","Maccabi Tel Aviv","Luka Bilbija","1","2","A"
"91360","25-11-23 16:30","Europe","Conference League","2023/2024","Maccabi Tel Aviv","FK Zorya Luhansk","Lukas Fahndrich","3","2","H"
"91361","09-11-23 21:00","Europe","Conference League","2023/2024","Aston Villa","AZ Alkmaar","Luís Godinho","2","1","H"
"91362","09-11-23 21:00","Europe","Conference League","2023/2024","Breidablik","Gent","Julian Weinberger","2","3","A"
"91363","09-11-23 21:00","Europe","Conference League","2023/2024","Club Brugge KV","Lugano","Tamas Bognar","2","0","H"
"91364","09-11-23 21:00","Europe","Conference League","2023/2024","FK Zorya Luhansk","Maccabi Tel Aviv","John Beaton","1","3","A"
"91365","09-11-23 21:00","Europe","Conference League","2023/2024","Ludogorets","Fenerbahce","Ondrej Berka","2","0","H"
"91366","09-11-23 21:00","Europe","Conference League","2023/2024","O. Ljubljana","Klaksvik","Philip Farrugia","2","0","H"
"91367","09-11-23 21:00","Europe","Conference League","2023/2024","Slovan Bratislava","Lille","Gergo Bogar","1","1","D"
"91368","09-11-23 18:45","Europe","Conference League","2023/2024","Besiktas","Bodo/Glimt","Sander van der Eijk","1","2","A"
"91369","09-11-23 18:45","Europe","Conference League","2023/2024","Cukaricki","Fiorentina","Robert Schröder","0","1","A"
"91370","09-11-23 18:45","Europe","Conference League","2023/2024","Ferencvaros","Genk","Aleksey Kulbakov","1","1","D"
"91371","09-11-23 18:45","Europe","Conference League","2023/2024","HJK","Eintracht Frankfurt","Pierre Gaillouste","0","1","A"
"91372","09-11-23 18:45","Europe","Conference League","2023/2024","Legia","Zrinjski","Ricardo De Burgos Bengoetxea","2","0","H"
"91373","09-11-23 18:45","Europe","Conference League","2023/2024","Nordsjaelland","Trnava","Mohammad Al-Emara","1","1","D"
"91374","09-11-23 18:45","Europe","Conference League","2023/2024","PAOK","Aberdeen","Juxhin Xhaja","2","2","D"
"91375","09-11-23 18:45","Europe","Conference League","2023/2024","Plzen","Din. Zagreb","Anastasios Sidiropoulos","1","0","H"
"91376","09-11-23 16:30","Europe","Conference League","2023/2024","FC Astana","FC Ballkani","Balazs Berke","0","0","D"
"91377","26-10-23 21:00","Europe","Conference League","2023/2024","Aberdeen","PAOK","Sebastian Gishamer","2","3","A"
"91378","26-10-23 21:00","Europe","Conference League","2023/2024","Bodo/Glimt","Besiktas","Nenad Minaković","3","1","H"
"91379","26-10-23 21:00","Europe","Conference League","2023/2024","Din. Zagreb","Plzen","Robert Jones","0","1","A"
"91380","26-10-23 21:00","Europe","Conference League","2023/2024","Eintracht Frankfurt","HJK","Viktor Kopievskiy","6","0","H"
"91381","26-10-23 21:00","Europe","Conference League","2023/2024","Fiorentina","Cukaricki","Chrysovalantis Theouli","6","0","H"
"91382","26-10-23 21:00","Europe","Conference League","2023/2024","Genk","Ferencvaros","Aleksandar Stavrev","0","0","D"
"91383","26-10-23 21:00","Europe","Conference League","2023/2024","Trnava","Nordsjaelland","Allard Lindhout","0","2","A"
"91384","26-10-23 21:00","Europe","Conference League","2023/2024","Zrinjski","Legia","Andrei Florin Chivulete","1","2","A"
"91385","26-10-23 18:45","Europe","Conference League","2023/2024","AZ Alkmaar","Aston Villa","Sven Jablonski","1","4","A"
"91386","26-10-23 18:45","Europe","Conference League","2023/2024","FC Ballkani","FC Astana","Vassilis Fotias","1","2","A"
"91387","26-10-23 18:45","Europe","Conference League","2023/2024","Fenerbahce","Ludogorets","Guillermo Cuadra Fernandez","3","1","H"
"91388","26-10-23 18:45","Europe","Conference League","2023/2024","Gent","Breidablik","Robertas Valikonis","5","0","H"
"91389","26-10-23 18:45","Europe","Conference League","2023/2024","Klaksvik","O. Ljubljana","Harm Osmers","3","0","H"
"91390","26-10-23 18:45","Europe","Conference League","2023/2024","Lille","Slovan Bratislava","Luca Pairetto","2","1","H"
"91391","26-10-23 18:45","Europe","Conference League","2023/2024","Lugano","Club Brugge KV","Ovidiu Hategan","1","3","A"
"91392","05-10-23 21:00","Europe","Conference League","2023/2024","Aberdeen","HJK","Daniel Stefanski","1","1","D"
"91393","05-10-23 21:00","Europe","Conference League","2023/2024","Aston Villa","Zrinjski","Urs Schnyder","1","0","H"
"91394","05-10-23 21:00","Europe","Conference League","2023/2024","AZ Alkmaar","Legia","Nenad Minaković","1","0","H"
"91395","05-10-23 21:00","Europe","Conference League","2023/2024","Cukaricki","Genk","Adam Ladeback","0","2","A"
"91396","05-10-23 21:00","Europe","Conference League","2023/2024","Fiorentina","Ferencvaros","Daniel Schlager","2","2","D"
"91397","05-10-23 21:00","Europe","Conference League","2023/2024","Nordsjaelland","Ludogorets","Juxhin Xhaja","7","1","H"
"91398","05-10-23 21:00","Europe","Conference League","2023/2024","PAOK","Eintracht Frankfurt","Simone Sozza","2","1","H"
"91399","05-10-23 21:00","Europe","Conference League","2023/2024","Trnava","Fenerbahce","Sascha Stegemann","1","2","A"
"91400","05-10-23 18:45","Europe","Conference League","2023/2024","Besiktas","Lugano","David Fuxman","2","3","A"
"91401","05-10-23 18:45","Europe","Conference League","2023/2024","Bodo/Glimt","Club Brugge KV","Ondrej Berka","0","1","A"
"91402","05-10-23 18:45","Europe","Conference League","2023/2024","Breidablik","FK Zorya Luhansk","Aleksandar Stavrev","0","1","A"
"91403","05-10-23 18:45","Europe","Conference League","2023/2024","FC Ballkani","Din. Zagreb","Atilla Karaoglan","2","0","H"
"91404","05-10-23 18:45","Europe","Conference League","2023/2024","Gent","Maccabi Tel Aviv","Abdulkadir Bitigen","2","0","H"
"91405","05-10-23 18:45","Europe","Conference League","2023/2024","Klaksvik","Lille","Elcin Masiyev","0","0","D"
"91406","05-10-23 18:45","Europe","Conference League","2023/2024","O. Ljubljana","Slovan Bratislava","Anastasios Sidiropoulos","0","1","A"
"91407","05-10-23 16:30","Europe","Conference League","2023/2024","FC Astana","Plzen","Gustavo Correia","1","2","A"
"91408","21-09-23 21:00","Europe","Conference League","2023/2024","Club Brugge KV","Besiktas","Aleksey Kulbakov","1","1","D"
"91409","21-09-23 21:00","Europe","Conference League","2023/2024","Din. Zagreb","FC Astana","Paweł Raczkowski","5","1","H"
"91410","21-09-23 21:00","Europe","Conference League","2023/2024","FK Zorya Luhansk","Gent","Daniele Chiffi","1","1","D"
"91411","21-09-23 21:00","Europe","Conference League","2023/2024","Lugano","Bodo/Glimt","David Smajc","0","0","D"
"91412","21-09-23 21:00","Europe","Conference League","2023/2024","Maccabi Tel Aviv","Breidablik","Vitalijs Spasjonnikovs","3","2","H"
"91413","21-09-23 21:00","Europe","Conference League","2023/2024","Plzen","FC Ballkani","Damian Sylwestrzak","1","0","H"
"91414","21-09-23 21:00","Europe","Conference League","2023/2024","Slovan Bratislava","Klaksvik","Christian-Petru Ciochirca","2","1","H"
"91415","21-09-23 18:45","Europe","Conference League","2023/2024","Eintracht Frankfurt","Aberdeen","Chrysovalantis Theouli","2","1","H"
"91416","21-09-23 18:45","Europe","Conference League","2023/2024","Fenerbahce","Nordsjaelland","Gergo Bogar","3","1","H"
"91417","21-09-23 18:45","Europe","Conference League","2023/2024","Ferencvaros","Cukaricki","Guillermo Cuadra Fernandez","3","1","H"
"91418","21-09-23 18:45","Europe","Conference League","2023/2024","Genk","Fiorentina","Stephanie Frappart","2","2","D"
"91419","21-09-23 18:45","Europe","Conference League","2023/2024","HJK","PAOK","Marian Barbu","2","3","A"
"91420","21-09-23 18:45","Europe","Conference League","2023/2024","Legia","Aston Villa","Evangelos Manouchos","3","2","H"
"91421","21-09-23 18:45","Europe","Conference League","2023/2024","Ludogorets","Trnava","Genc Nuza","4","0","H"
"91422","21-09-23 18:45","Europe","Conference League","2023/2024","Zrinjski","AZ Alkmaar","Donald Robertson","4","3","H"
"91423","20-09-23 16:30","Europe","Conference League","2023/2024","Lille","O. Ljubljana","Joey Kooij","2","0","H"
"91142","07-06-23 21:00","Europe","Conference League","2022/2023","Fiorentina","West Ham","Carlos Del Cerro Grande","1","2","A"
"91143","18-05-23 21:00","Europe","Conference League","2022/2023","AZ Alkmaar","West Ham","Ivan Kružliak","0","1","A"
"91144","18-05-23 21:00","Europe","Conference League","2022/2023","Basel","Fiorentina","José María Sánchez Martínez","1","2","A"
"91145","11-05-23 21:00","Europe","Conference League","2022/2023","Fiorentina","Basel","François Letexier","1","2","A"
"91146","11-05-23 21:00","Europe","Conference League","2022/2023","West Ham","AZ Alkmaar","Halil Umut Meler","2","1","H"
"91147","20-04-23 21:00","Europe","Conference League","2022/2023","Nice","Basel","Serdar Gozubuyuk","1","1","D"
"91148","20-04-23 21:00","Europe","Conference League","2022/2023","West Ham","Gent","Orel Grinfeeld","4","1","H"
"91149","20-04-23 18:45","Europe","Conference League","2022/2023","AZ Alkmaar","Anderlecht","Davide Massa","2","0","H"
"91150","20-04-23 18:45","Europe","Conference League","2022/2023","Fiorentina","Lech Poznan","Rade Obrenovič","2","3","A"
"91151","13-04-23 21:00","Europe","Conference League","2022/2023","Anderlecht","AZ Alkmaar","Daniel Siebert","2","0","H"
"91152","13-04-23 21:00","Europe","Conference League","2022/2023","Basel","Nice","Glenn Nyberg","2","2","D"
"91153","13-04-23 21:00","Europe","Conference League","2022/2023","Lech Poznan","Fiorentina","Irfan Peljto","1","4","A"
"91154","13-04-23 18:45","Europe","Conference League","2022/2023","Gent","West Ham","Anastasios Sidiropoulos","1","1","D"
"91155","16-03-23 21:00","Europe","Conference League","2022/2023","AZ Alkmaar","Lazio","Matej Jug","2","1","H"
"91156","16-03-23 21:00","Europe","Conference League","2022/2023","Nice","Sheriff Tiraspol","Lawrence Visser","3","1","H"
"91157","16-03-23 21:00","Europe","Conference League","2022/2023","Villarreal","Anderlecht","Marco Di Bello","0","1","A"
"91158","16-03-23 21:00","Europe","Conference League","2022/2023","West Ham","AEK Larnaca","Georgi Kabakov","4","0","H"
"91159","16-03-23 18:45","Europe","Conference League","2022/2023","Djurgarden","Lech Poznan","Duje Strukan","0","3","A"
"91160","16-03-23 18:45","Europe","Conference League","2022/2023","Sivasspor","Fiorentina","Nikola Dabanovic","1","4","A"
"91161","16-03-23 18:45","Europe","Conference League","2022/2023","Slovan Bratislava","Basel","Jakob Kehlet","2","2","D"
"91162","15-03-23 18:00","Europe","Conference League","2022/2023","Basaksehir","Gent","Benoît Bastien","1","4","A"
"91163","09-03-23 21:00","Europe","Conference League","2022/2023","Basel","Slovan Bratislava","Rade Obrenovič","2","2","D"
"91164","09-03-23 21:00","Europe","Conference League","2022/2023","Fiorentina","Sivasspor","Enea Jorgji","1","0","H"
"91165","09-03-23 21:00","Europe","Conference League","2022/2023","Gent","Basaksehir","Kristo Tohver","1","1","D"
"91166","09-03-23 21:00","Europe","Conference League","2022/2023","Lech Poznan","Djurgarden","Stephanie Frappart","2","0","H"
"91167","09-03-23 18:45","Europe","Conference League","2022/2023","AEK Larnaca","West Ham","Espen Eskas","0","2","A"
"91168","09-03-23 18:45","Europe","Conference League","2022/2023","Anderlecht","Villarreal","Bartosz Frankowski","1","1","D"
"91169","09-03-23 18:45","Europe","Conference League","2022/2023","Sheriff Tiraspol","Nice","Aliyar Aghayev","0","1","A"
"91170","07-03-23 18:45","Europe","Conference League","2022/2023","Lazio","AZ Alkmaar","Glenn Nyberg","1","2","A"
"91171","23-02-23 21:00","Europe","Conference League","2022/2023","Basel","Trabzonspor","Antonio Mateu Lahoz","2","0","H"
"91172","23-02-23 21:00","Europe","Conference League","2022/2023","Fiorentina","Braga","Benoît Bastien","3","2","H"
"91173","23-02-23 21:00","Europe","Conference League","2022/2023","Gent","Qarabag","William Collum","1","0","H"
"91174","23-02-23 21:00","Europe","Conference League","2022/2023","Lech Poznan","Bodo/Glimt","Nikola Dabanovic","1","0","H"
"91175","23-02-23 18:45","Europe","Conference League","2022/2023","Anderlecht","Ludogorets","Daniel Siebert","2","1","H"
"91176","23-02-23 18:45","Europe","Conference League","2022/2023","CFR Cluj","Lazio","Felix Zwayer","0","0","D"
"91177","23-02-23 18:45","Europe","Conference League","2022/2023","Dnipro-1","AEK Larnaca","Andris Treimanis","0","0","D"
"91178","23-02-23 18:45","Europe","Conference League","2022/2023","Partizan","Sheriff Tiraspol","Andreas Ekberg","1","3","A"
"91179","16-02-23 21:00","Europe","Conference League","2022/2023","AEK Larnaca","Dnipro-1","Jakob Kehlet","1","0","H"
"91180","16-02-23 21:00","Europe","Conference League","2022/2023","Lazio","CFR Cluj","Craig Pawson","1","0","H"
"91181","16-02-23 21:00","Europe","Conference League","2022/2023","Ludogorets","Anderlecht","Duje Strukan","1","0","H"
"91182","16-02-23 21:00","Europe","Conference League","2022/2023","Sheriff Tiraspol","Partizan","Harm Osmers","0","1","A"
"91183","16-02-23 18:45","Europe","Conference League","2022/2023","Bodo/Glimt","Lech Poznan","Harald Lechner","0","0","D"
"91184","16-02-23 18:45","Europe","Conference League","2022/2023","Braga","Fiorentina","Carlos Del Cerro Grande","0","4","A"
"91185","16-02-23 18:45","Europe","Conference League","2022/2023","Qarabag","Gent","Mohammed Al-Hakim","1","0","H"
"91186","16-02-23 18:45","Europe","Conference League","2022/2023","Trabzonspor","Basel","Donatas Rumsas","1","0","H"
"91187","03-11-22 21:00","Europe","Conference League","2022/2023","FC Koln","Nice","César Soto Grado","2","2","D"
"91188","03-11-22 21:00","Europe","Conference League","2022/2023","FCSB","West Ham","Sascha Stegemann","0","3","A"
"91189","03-11-22 21:00","Europe","Conference League","2022/2023","H. Beer Sheva","Austria Vienna","Elcin Masiyev","4","0","H"
"91190","03-11-22 21:00","Europe","Conference League","2022/2023","Lech Poznan","Villarreal","Nathan Verboomen","3","0","H"
"91191","03-11-22 21:00","Europe","Conference League","2022/2023","Partizan","Slovacko","Paweł Raczkowski","1","1","D"
"91192","03-11-22 21:00","Europe","Conference League","2022/2023","Silkeborg","Anderlecht","Daniele Chiffi","0","2","A"
"91193","03-11-22 18:45","Europe","Conference League","2022/2023","Apollon","Vaduz","Dario Bel","1","0","H"
"91194","03-11-22 18:45","Europe","Conference League","2022/2023","AZ Alkmaar","Dnipro-1","Anastasios Papapetrou","2","1","H"
"91195","03-11-22 18:45","Europe","Conference League","2022/2023","CFR Cluj","FC Ballkani","Daniel Schlager","1","0","H"
"91196","03-11-22 18:45","Europe","Conference League","2022/2023","Djurgarden","Shamrock Rovers","Nick Walsh","1","0","H"
"91197","03-11-22 18:45","Europe","Conference League","2022/2023","Gent","Molde","Sebastian Gishamer","4","0","H"
"91198","03-11-22 18:45","Europe","Conference League","2022/2023","Pyunik Yerevan","Basel","Horatiu Fesnic","1","2","A"
"91199","03-11-22 18:45","Europe","Conference League","2022/2023","Slavia Prague","Sivasspor","Rade Obrenovič","1","1","D"
"91200","03-11-22 18:45","Europe","Conference League","2022/2023","Zalgiris","Slovan Bratislava","Luís Godinho","1","2","A"
"91201","03-11-22 16:30","Europe","Conference League","2022/2023","Basaksehir","Hearts","Goga Kikacheishvili","3","1","H"
"91202","03-11-22 16:30","Europe","Conference League","2022/2023","RFS","Fiorentina","Mads Kristoffer Kristoffersen","0","3","A"
"91203","28-10-22 13:00","Europe","Conference League","2022/2023","Slovacko","FC Koln","Giorgi Kruashvili","0","1","A"
"91204","27-10-22 21:00","Europe","Conference League","2022/2023","Basel","Zalgiris","Ali Palabiyik","2","2","D"
"91205","27-10-22 21:00","Europe","Conference League","2022/2023","Dnipro-1","Apollon","Antonio Nobre","1","0","H"
"91206","27-10-22 21:00","Europe","Conference League","2022/2023","FC Ballkani","Slavia Prague","Morten Krogh","0","1","A"
"91207","27-10-22 21:00","Europe","Conference League","2022/2023","Hearts","RFS","Bram Van Driessche","2","1","H"
"91208","27-10-22 21:00","Europe","Conference League","2022/2023","Molde","Djurgarden","Urs Schnyder","2","3","A"
"91209","27-10-22 21:00","Europe","Conference League","2022/2023","Shamrock Rovers","Gent","Julian Weinberger","1","1","D"
"91210","27-10-22 21:00","Europe","Conference League","2022/2023","Sivasspor","CFR Cluj","Rohit Saggi","3","0","H"
"91211","27-10-22 21:00","Europe","Conference League","2022/2023","Slovan Bratislava","Pyunik Yerevan","Manuel Schuettengruber","2","1","H"
"91212","27-10-22 21:00","Europe","Conference League","2022/2023","West Ham","Silkeborg","Joni Hyytia","1","0","H"
"91213","27-10-22 18:45","Europe","Conference League","2022/2023","Anderlecht","FCSB","Manfredas Lukjancukas","2","2","D"
"91214","27-10-22 18:45","Europe","Conference League","2022/2023","Austria Vienna","Lech Poznan","Darren England","1","1","D"
"91215","27-10-22 18:45","Europe","Conference League","2022/2023","Fiorentina","Basaksehir","Allard Lindhout","2","1","H"
"91216","27-10-22 18:45","Europe","Conference League","2022/2023","Nice","Partizan","István Vad","2","1","H"
"91217","27-10-22 18:45","Europe","Conference League","2022/2023","Vaduz","AZ Alkmaar","Donald Robertson","1","2","A"
"91218","27-10-22 18:45","Europe","Conference League","2022/2023","Villarreal","H. Beer Sheva","Juxhin Xhaja","2","2","D"
"91219","13-10-22 21:00","Europe","Conference League","2022/2023","FC Ballkani","Sivasspor","Manuel Schuettengruber","1","2","A"
"91220","13-10-22 21:00","Europe","Conference League","2022/2023","FCSB","Silkeborg","Nick Walsh","0","5","A"
"91221","13-10-22 21:00","Europe","Conference League","2022/2023","H. Beer Sheva","Lech Poznan","Ruddy Buquet","1","1","D"
"91222","13-10-22 21:00","Europe","Conference League","2022/2023","Nice","Slovacko","Iwan Griffith","1","2","A"
"91223","13-10-22 21:00","Europe","Conference League","2022/2023","Shamrock Rovers","Molde","Dario Bel","0","2","A"
"91224","13-10-22 21:00","Europe","Conference League","2022/2023","Vaduz","Dnipro-1","Marian Barbu","1","2","A"
"91225","13-10-22 21:00","Europe","Conference League","2022/2023","West Ham","Anderlecht","Willy Delajod","2","1","H"
"91226","13-10-22 21:00","Europe","Conference League","2022/2023","Zalgiris","Pyunik Yerevan","Juxhin Xhaja","2","1","H"
"91227","13-10-22 18:45","Europe","Conference League","2022/2023","Apollon","AZ Alkmaar","Morten Krogh","1","0","H"
"91228","13-10-22 18:45","Europe","Conference League","2022/2023","Austria Vienna","Villarreal","Georgi Kabakov","0","1","A"
"91229","13-10-22 18:45","Europe","Conference League","2022/2023","Basaksehir","RFS","Philip Farrugia","3","0","H"
"91230","13-10-22 18:45","Europe","Conference League","2022/2023","CFR Cluj","Slavia Prague","Luís Godinho","2","0","H"
"91231","13-10-22 18:45","Europe","Conference League","2022/2023","Djurgarden","Gent","Manfredas Lukjancukas","4","2","H"
"91232","13-10-22 18:45","Europe","Conference League","2022/2023","Fiorentina","Hearts","Ivan Bebek","5","1","H"
"91233","13-10-22 18:45","Europe","Conference League","2022/2023","Partizan","FC Koln","Roi Reinshreiber","2","0","H"
"91234","13-10-22 18:45","Europe","Conference League","2022/2023","Slovan Bratislava","Basel","Sergiy Boyko","3","3","D"
"91235","06-10-22 21:00","Europe","Conference League","2022/2023","AZ Alkmaar","Apollon","Rohit Saggi","3","2","H"
"91236","06-10-22 21:00","Europe","Conference League","2022/2023","Basel","Slovan Bratislava","Kevin Clancy","0","2","A"
"91237","06-10-22 21:00","Europe","Conference League","2022/2023","FC Koln","Partizan","Ricardo De Burgos Bengoetxea","0","1","A"
"91238","06-10-22 21:00","Europe","Conference League","2022/2023","Gent","Djurgarden","Aleksey Kulbakov","0","1","A"
"91239","06-10-22 21:00","Europe","Conference League","2022/2023","Hearts","Fiorentina","Eric Lambrechts","0","3","A"
"91240","06-10-22 21:00","Europe","Conference League","2022/2023","RFS","Basaksehir","Radu Marian Petrescu","0","0","D"
"91241","06-10-22 21:00","Europe","Conference League","2022/2023","Slavia Prague","CFR Cluj","Fabio Maresca","0","1","A"
"91242","06-10-22 21:00","Europe","Conference League","2022/2023","Villarreal","Austria Vienna","Jochem Kamphuis","5","0","H"
"91243","06-10-22 18:45","Europe","Conference League","2022/2023","Anderlecht","West Ham","Simovic Novak","0","1","A"
"91244","06-10-22 18:45","Europe","Conference League","2022/2023","Dnipro-1","Vaduz","Fran Jović","2","2","D"
"91245","06-10-22 18:45","Europe","Conference League","2022/2023","Lech Poznan","H. Beer Sheva","Tamas Bognar","0","0","D"
"91246","06-10-22 18:45","Europe","Conference League","2022/2023","Molde","Shamrock Rovers","Milos Milanovic","3","0","H"
"91247","06-10-22 18:45","Europe","Conference League","2022/2023","Pyunik Yerevan","Zalgiris","John Beaton","2","0","H"
"91248","06-10-22 18:45","Europe","Conference League","2022/2023","Silkeborg","FCSB","Mykola Balakin","5","0","H"
"91249","06-10-22 18:45","Europe","Conference League","2022/2023","Sivasspor","FC Ballkani","José Luis Munuera Montero","3","4","A"
"91250","06-10-22 18:45","Europe","Conference League","2022/2023","Slovacko","Nice","Julian Weinberger","0","1","A"
"91251","15-09-22 21:00","Europe","Conference League","2022/2023","Basaksehir","Fiorentina","Guillermo Cuadra Fernandez","3","0","H"
"91252","15-09-22 21:00","Europe","Conference League","2022/2023","FC Koln","Slovacko","Evgen Aranovskiy","4","2","H"
"91253","15-09-22 21:00","Europe","Conference League","2022/2023","FCSB","Anderlecht","Sebastian Gishamer","0","0","D"
"91254","15-09-22 21:00","Europe","Conference League","2022/2023","H. Beer Sheva","Villarreal","William Collum","1","2","A"
"91255","15-09-22 21:00","Europe","Conference League","2022/2023","Lech Poznan","Austria Vienna","Peter Kjaersgaard-Andersen","4","1","H"
"91256","15-09-22 21:00","Europe","Conference League","2022/2023","Partizan","Nice","Andy Madley","1","1","D"
"91257","15-09-22 21:00","Europe","Conference League","2022/2023","RFS","Hearts","Aleksandar Stavrev","0","2","A"
"91258","15-09-22 21:00","Europe","Conference League","2022/2023","Silkeborg","West Ham","Fabio Jose Costa Verissimo","2","3","A"
"91259","15-09-22 18:45","Europe","Conference League","2022/2023","Apollon","Dnipro-1","Adam Farkas","1","3","A"
"91260","15-09-22 18:45","Europe","Conference League","2022/2023","AZ Alkmaar","Vaduz","Nick Walsh","4","1","H"
"91261","15-09-22 18:45","Europe","Conference League","2022/2023","CFR Cluj","Sivasspor","Allard Lindhout","0","1","A"
"91262","15-09-22 18:45","Europe","Conference League","2022/2023","Djurgarden","Molde","Gergo Bogar","3","2","H"
"91263","15-09-22 18:45","Europe","Conference League","2022/2023","Gent","Shamrock Rovers","Visar Kastrati","3","0","H"
"91264","15-09-22 18:45","Europe","Conference League","2022/2023","Pyunik Yerevan","Slovan Bratislava","Gal Leibovitz","2","0","H"
"91265","15-09-22 18:45","Europe","Conference League","2022/2023","Slavia Prague","FC Ballkani","Willy Delajod","3","2","H"
"91266","15-09-22 18:45","Europe","Conference League","2022/2023","Zalgiris","Basel","Iwan Griffith","0","1","A"
"91267","08-09-22 21:00","Europe","Conference League","2022/2023","Basel","Pyunik Yerevan","Juan Martinez Munuera","3","1","H"
"91268","08-09-22 21:00","Europe","Conference League","2022/2023","Dnipro-1","AZ Alkmaar","Yigal Frid","0","1","A"
"91269","08-09-22 21:00","Europe","Conference League","2022/2023","Molde","Gent","Petri Viljanen","0","0","D"
"91270","08-09-22 21:00","Europe","Conference League","2022/2023","Shamrock Rovers","Djurgarden","Ivar Orri Kristjansson","0","0","D"
"91271","08-09-22 21:00","Europe","Conference League","2022/2023","Sivasspor","Slavia Prague","Fran Jović","1","1","D"
"91272","08-09-22 21:00","Europe","Conference League","2022/2023","Slovan Bratislava","Zalgiris","Rauf Jabarov","0","0","D"
"91273","08-09-22 21:00","Europe","Conference League","2022/2023","Vaduz","Apollon","Dumitru Muntean","0","0","D"
"91274","08-09-22 21:00","Europe","Conference League","2022/2023","West Ham","FCSB","Benoît Bastien","3","1","H"
"91275","08-09-22 18:45","Europe","Conference League","2022/2023","Anderlecht","Silkeborg","István Vad","1","0","H"
"91276","08-09-22 18:45","Europe","Conference League","2022/2023","Austria Vienna","H. Beer Sheva","Horatiu Fesnic","0","0","D"
"91277","08-09-22 18:45","Europe","Conference League","2022/2023","FC Ballkani","CFR Cluj","Urs Schnyder","1","1","D"
"91278","08-09-22 18:45","Europe","Conference League","2022/2023","Fiorentina","RFS","Pavel Orel","1","1","D"
"91279","08-09-22 18:45","Europe","Conference League","2022/2023","Hearts","Basaksehir","Krzysztof Jakubik","0","4","A"
"91280","08-09-22 18:45","Europe","Conference League","2022/2023","Nice","FC Koln","Luís Godinho","1","1","D"
"91281","08-09-22 18:45","Europe","Conference League","2022/2023","Slovacko","Partizan","Robert Harvey","3","3","D"
"91282","08-09-22 18:45","Europe","Conference League","2022/2023","Villarreal","Lech Poznan","Ali Palabiyik","4","3","H"
"91001","25-05-22 21:00","Europe","Conference League","2021/2022","AS Roma","Feyenoord","Istvan Kovacs","1","0","H"
"91002","05-05-22 21:00","Europe","Conference League","2021/2022","AS Roma","Leicester","Srdan Jovanovic","1","0","H"
"91003","05-05-22 21:00","Europe","Conference League","2021/2022","Marseille","Feyenoord","Sandro Schärer","0","0","D"
"91004","28-04-22 21:00","Europe","Conference League","2021/2022","Feyenoord","Marseille","Michael Oliver","3","2","H"
"91005","28-04-22 21:00","Europe","Conference League","2021/2022","Leicester","AS Roma","Carlos Del Cerro Grande","1","1","D"
"91006","14-04-22 21:00","Europe","Conference League","2021/2022","AS Roma","Bodo/Glimt","José María Sánchez Martínez","4","0","H"
"91007","14-04-22 21:00","Europe","Conference League","2021/2022","PAOK","Marseille","Danny Makkelie","0","1","A"
"91008","14-04-22 21:00","Europe","Conference League","2021/2022","Slavia Prague","Feyenoord","Deniz Aytekin","1","3","A"
"91009","14-04-22 18:45","Europe","Conference League","2021/2022","PSV","Leicester","Benoît Bastien","1","2","A"
"91010","07-04-22 21:00","Europe","Conference League","2021/2022","Bodo/Glimt","AS Roma","Serdar Gozubuyuk","2","1","H"
"91011","07-04-22 21:00","Europe","Conference League","2021/2022","Leicester","PSV","Ivan Kružliak","0","0","D"
"91012","07-04-22 21:00","Europe","Conference League","2021/2022","Marseille","PAOK","Szymon Marciniak","2","1","H"
"91013","07-04-22 18:45","Europe","Conference League","2021/2022","Feyenoord","Slavia Prague","Halil Umut Meler","3","3","D"
"91014","17-03-22 21:00","Europe","Conference League","2021/2022","AS Roma","Vitesse","Radu Marian Petrescu","1","1","D"
"91015","17-03-22 21:00","Europe","Conference League","2021/2022","Feyenoord","Partizan","Anthony Taylor","3","1","H"
"91016","17-03-22 21:00","Europe","Conference League","2021/2022","Gent","PAOK","Daniel Siebert","1","2","A"
"91017","17-03-22 21:00","Europe","Conference League","2021/2022","LASK","Slavia Prague","Lawrence Visser","4","3","H"
"91018","17-03-22 18:45","Europe","Conference League","2021/2022","AZ Alkmaar","Bodo/Glimt","Ivan Kružliak","2","1","H"
"91019","17-03-22 18:45","Europe","Conference League","2021/2022","Basel","Marseille","Artur Soares Dias","1","2","A"
"91020","17-03-22 18:45","Europe","Conference League","2021/2022","FC Copenhagen","PSV","William Collum","0","4","A"
"91021","17-03-22 18:45","Europe","Conference League","2021/2022","Rennes","Leicester","Anastasios Sidiropoulos","2","1","H"
"91022","10-03-22 21:00","Europe","Conference League","2021/2022","Bodo/Glimt","AZ Alkmaar","Nikola Dabanovic","2","1","H"
"91023","10-03-22 21:00","Europe","Conference League","2021/2022","Leicester","Rennes","Orel Grinfeeld","2","0","H"
"91024","10-03-22 21:00","Europe","Conference League","2021/2022","Marseille","Basel","Irfan Peljto","2","1","H"
"91025","10-03-22 21:00","Europe","Conference League","2021/2022","PSV","FC Copenhagen","Craig Pawson","4","4","D"
"91026","10-03-22 18:45","Europe","Conference League","2021/2022","PAOK","Gent","Bartosz Frankowski","1","0","H"
"91027","10-03-22 18:45","Europe","Conference League","2021/2022","Partizan","Feyenoord","Maurizio Mariani","2","5","A"
"91028","10-03-22 18:45","Europe","Conference League","2021/2022","Slavia Prague","LASK","Andris Treimanis","4","1","H"
"91029","10-03-22 18:45","Europe","Conference League","2021/2022","Vitesse","AS Roma","Paweł Raczkowski","0","1","A"
"91030","24-02-22 21:00","Europe","Conference League","2021/2022","PAOK","Midtjylland","Lawrence Visser","2","1","H"
"91031","24-02-22 21:00","Europe","Conference League","2021/2022","Slavia Prague","Fenerbahce","Chris Kavanagh","3","2","H"
"91032","24-02-22 21:00","Europe","Conference League","2021/2022","Vitesse","SK Rapid","Jakob Kehlet","2","0","H"
"91033","24-02-22 18:45","Europe","Conference League","2021/2022","Bodo/Glimt","Celtic","Sergey Ivanov","2","0","H"
"91034","24-02-22 18:45","Europe","Conference League","2021/2022","Maccabi Tel Aviv","PSV","Harald Lechner","1","1","D"
"91035","24-02-22 18:45","Europe","Conference League","2021/2022","Partizan","Sparta Prague","Georgi Kabakov","2","1","H"
"91036","24-02-22 18:45","Europe","Conference League","2021/2022","Qarabag","Marseille","Bartosz Frankowski","0","3","A"
"91037","24-02-22 18:45","Europe","Conference League","2021/2022","Randers FC","Leicester","Irfan Peljto","1","3","A"
"91038","17-02-22 21:00","Europe","Conference League","2021/2022","Celtic","Bodo/Glimt","Andris Treimanis","1","3","A"
"91039","17-02-22 21:00","Europe","Conference League","2021/2022","Leicester","Randers FC","Radu Marian Petrescu","4","1","H"
"91040","17-02-22 21:00","Europe","Conference League","2021/2022","Marseille","Qarabag","Nikola Dabanovic","3","1","H"
"91041","17-02-22 21:00","Europe","Conference League","2021/2022","Sparta Prague","Partizan","Andreas Ekberg","0","1","A"
"91042","17-02-22 18:45","Europe","Conference League","2021/2022","Fenerbahce","Slavia Prague","Maurizio Mariani","2","3","A"
"91043","17-02-22 18:45","Europe","Conference League","2021/2022","Midtjylland","PAOK","Craig Pawson","1","0","H"
"91044","17-02-22 18:45","Europe","Conference League","2021/2022","PSV","Maccabi Tel Aviv","Glenn Nyberg","1","0","H"
"91045","17-02-22 18:45","Europe","Conference League","2021/2022","SK Rapid","Vitesse","Donatas Rumsas","2","1","H"
"91046","09-12-21 21:00","Europe","Conference League","2021/2022","Basel","Qarabag","Fran Jović","3","0","H"
"91047","09-12-21 21:00","Europe","Conference League","2021/2022","FC Copenhagen","Slovan Bratislava","István Vad","2","0","H"
"91048","09-12-21 21:00","Europe","Conference League","2021/2022","Feyenoord","Maccabi Haifa","Mykola Balakin","2","1","H"
"91049","09-12-21 21:00","Europe","Conference League","2021/2022","Omonia","Kairat Almaty","Genc Nuza","0","0","D"
"91050","09-12-21 21:00","Europe","Conference League","2021/2022","PAOK","Lincoln Red Imps","Rohit Saggi","2","0","H"
"91052","09-12-21 21:00","Europe","Conference League","2021/2022","Union Berlin","Slavia Prague","Rade Obrenovič","1","1","D"
"91053","09-12-21 21:00","Europe","Conference League","2021/2022","Vitesse","Mura","Filip Glova","3","1","H"
"91054","09-12-21 18:45","Europe","Conference League","2021/2022","Alashkert","Maccabi Tel Aviv","Gergo Bogar","1","1","D"
"91055","09-12-21 18:45","Europe","Conference League","2021/2022","AZ Alkmaar","Randers FC","Trustin Farrugia Cann","1","0","H"
"91056","09-12-21 18:45","Europe","Conference League","2021/2022","CFR Cluj","Jablonec","Harm Osmers","2","0","H"
"91057","09-12-21 18:45","Europe","Conference League","2021/2022","CSKA Sofia","AS Roma","Nick Walsh","2","3","A"
"91058","09-12-21 18:45","Europe","Conference League","2021/2022","FK Zorya Luhansk","Bodo/Glimt","Krzysztof Jakubik","1","1","D"
"91059","09-12-21 18:45","Europe","Conference League","2021/2022","Gent","Flora","Krzysztof Jakubik","1","0","H"
"91060","09-12-21 18:45","Europe","Conference League","2021/2022","LASK","HJK","Igor Pajač","3","0","H"
"91061","09-12-21 18:45","Europe","Conference League","2021/2022","Partizan","Anorthosis","Giorgi Kruashvili","1","1","D"
"91062","25-11-21 21:00","Europe","Conference League","2021/2022","Anorthosis","Gent","Urs Schnyder","1","0","H"
"91063","25-11-21 21:00","Europe","Conference League","2021/2022","AS Roma","FK Zorya Luhansk","Istvan Kovacs","4","0","H"
"91064","25-11-21 21:00","Europe","Conference League","2021/2022","Bodo/Glimt","CSKA Sofia","Yigal Frid","2","0","H"
"91065","25-11-21 21:00","Europe","Conference League","2021/2022","Jablonec","AZ Alkmaar","Manuel Schuettengruber","1","1","D"
"91066","25-11-21 21:00","Europe","Conference League","2021/2022","Maccabi Tel Aviv","LASK","Jérôme Brisard","0","1","A"
"91067","25-11-21 21:00","Europe","Conference League","2021/2022","Randers FC","CFR Cluj","Donald Robertson","2","1","H"
"91068","25-11-21 18:45","Europe","Conference League","2021/2022","HJK","Alashkert","Bram Van Driessche","1","0","H"
"91069","25-11-21 18:45","Europe","Conference League","2021/2022","Lincoln Red Imps","FC Copenhagen","Helgi Mikael Jónasson","0","4","A"
"91070","25-11-21 18:45","Europe","Conference League","2021/2022","Maccabi Haifa","Union Berlin","Michal Očenáš","0","1","A"
"91071","25-11-21 18:45","Europe","Conference League","2021/2022","Mura","Tottenham","Antonio Nobre","2","1","H"
"91072","25-11-21 18:45","Europe","Conference League","2021/2022","Qarabag","Omonia","Morten Krogh","2","2","D"
"91073","25-11-21 18:45","Europe","Conference League","2021/2022","Rennes","Vitesse","Espen Eskas","3","3","D"
"91074","25-11-21 18:45","Europe","Conference League","2021/2022","Slavia Prague","Feyenoord","Mattias Gestranius","2","2","D"
"91075","25-11-21 18:45","Europe","Conference League","2021/2022","Slovan Bratislava","PAOK","Dennis Higler","0","0","D"
"91076","25-11-21 16:30","Europe","Conference League","2021/2022","Flora","Partizan","Robert Harvey","1","0","H"
"91077","25-11-21 16:30","Europe","Conference League","2021/2022","Kairat Almaty","Basel","Goga Kikacheishvili","2","3","A"
"91078","04-11-21 21:00","Europe","Conference League","2021/2022","AS Roma","Bodo/Glimt","Anastasios Papapetrou","2","2","D"
"91079","04-11-21 21:00","Europe","Conference League","2021/2022","PAOK","FC Copenhagen","Paweł Raczkowski","1","2","A"
"91080","04-11-21 21:00","Europe","Conference League","2021/2022","Rennes","Mura","Juri Frischer","1","0","H"
"91081","04-11-21 21:00","Europe","Conference League","2021/2022","Slavia Prague","Maccabi Haifa","Kai Erik Steen","1","0","H"
"91082","04-11-21 21:00","Europe","Conference League","2021/2022","Tottenham","Vitesse","Marco Di Bello","3","2","H"
"91083","04-11-21 21:00","Europe","Conference League","2021/2022","Union Berlin","Feyenoord","Daniel Stefanski","1","2","A"
"91084","04-11-21 18:45","Europe","Conference League","2021/2022","AZ Alkmaar","CFR Cluj","Alain Durieux","2","0","H"
"91085","04-11-21 18:45","Europe","Conference League","2021/2022","FK Zorya Luhansk","CSKA Sofia","Petri Viljanen","2","0","H"
"91086","04-11-21 18:45","Europe","Conference League","2021/2022","Gent","Partizan","Chris Kavanagh","1","1","D"
"91087","04-11-21 18:45","Europe","Conference League","2021/2022","LASK","Alashkert","Mohammed Al-Hakim","2","0","H"
"91088","04-11-21 18:45","Europe","Conference League","2021/2022","Lincoln Red Imps","Slovan Bratislava","Kristoffer Karlsson","1","4","A"
"91089","04-11-21 18:45","Europe","Conference League","2021/2022","Maccabi Tel Aviv","HJK","Rade Obrenovič","3","0","H"
"91090","04-11-21 18:45","Europe","Conference League","2021/2022","Omonia","Basel","Vitali Meshkov","1","1","D"
"91091","04-11-21 18:45","Europe","Conference League","2021/2022","Randers FC","Jablonec","Orel Grinfeeld","2","2","D"
"91092","04-11-21 16:30","Europe","Conference League","2021/2022","Flora","Anorthosis","Kári Hövdanum","2","2","D"
"91093","04-11-21 16:30","Europe","Conference League","2021/2022","Kairat Almaty","Qarabag","Dumitru Muntean","1","2","A"
"91094","21-10-21 21:00","Europe","Conference League","2021/2022","Basel","Omonia","Stephanie Frappart","3","1","H"
"91095","21-10-21 21:00","Europe","Conference League","2021/2022","CFR Cluj","AZ Alkmaar","Halis Ozkahya","0","1","A"
"91096","21-10-21 21:00","Europe","Conference League","2021/2022","CSKA Sofia","FK Zorya Luhansk","Manuel Schuettengruber","0","1","A"
"91097","21-10-21 21:00","Europe","Conference League","2021/2022","Jablonec","Randers FC","Aliyar Aghayev","2","2","D"
"91098","21-10-21 21:00","Europe","Conference League","2021/2022","Partizan","Gent","Bobby Madden","0","1","A"
"91099","21-10-21 21:00","Europe","Conference League","2021/2022","Slovan Bratislava","Lincoln Red Imps","Vilhjalmur Alvar Thorarinsson","2","0","H"
"91100","21-10-21 18:45","Europe","Conference League","2021/2022","Alashkert","LASK","Jens Maae","0","3","A"
"91101","21-10-21 18:45","Europe","Conference League","2021/2022","Anorthosis","Flora","István Vad","2","2","D"
"91102","21-10-21 18:45","Europe","Conference League","2021/2022","Bodo/Glimt","AS Roma","Ali Palabiyik","6","1","H"
"91103","21-10-21 18:45","Europe","Conference League","2021/2022","FC Copenhagen","PAOK","Eric Lambrechts","1","2","A"
"91104","21-10-21 18:45","Europe","Conference League","2021/2022","Feyenoord","Union Berlin","Giorgi Kruashvili","3","1","H"
"91105","21-10-21 18:45","Europe","Conference League","2021/2022","Maccabi Haifa","Slavia Prague","Adam Farkas","1","0","H"
"91106","21-10-21 18:45","Europe","Conference League","2021/2022","Mura","Rennes","Volen Chinkov","1","2","A"
"91107","21-10-21 18:45","Europe","Conference League","2021/2022","Qarabag","Kairat Almaty","Evgen Aranovskiy","2","1","H"
"91108","21-10-21 18:45","Europe","Conference League","2021/2022","Vitesse","Tottenham","Harm Osmers","1","0","H"
"91109","21-10-21 16:30","Europe","Conference League","2021/2022","HJK","Maccabi Tel Aviv","Pavel Orel","0","5","A"
"91110","30-09-21 21:00","Europe","Conference League","2021/2022","Basel","Kairat Almaty","Stuart Attwell","4","2","H"
"91111","30-09-21 21:00","Europe","Conference League","2021/2022","FC Copenhagen","Lincoln Red Imps","Kateryna Monzul","3","1","H"
"91112","30-09-21 21:00","Europe","Conference League","2021/2022","Feyenoord","Slavia Prague","Radu Marian Petrescu","2","1","H"
"91113","30-09-21 21:00","Europe","Conference League","2021/2022","Omonia","Qarabag","Bobby Madden","1","4","A"
"91114","30-09-21 21:00","Europe","Conference League","2021/2022","PAOK","Slovan Bratislava","Jonathan Benkenstein Pinheiro","1","1","D"
"91115","30-09-21 21:00","Europe","Conference League","2021/2022","Tottenham","Mura","Yigal Frid","5","1","H"
"91116","30-09-21 21:00","Europe","Conference League","2021/2022","Union Berlin","Maccabi Haifa","Nick Walsh","3","0","H"
"91117","30-09-21 21:00","Europe","Conference League","2021/2022","Vitesse","Rennes","Kevin Clancy","1","2","A"
"91118","30-09-21 18:45","Europe","Conference League","2021/2022","Alashkert","HJK","Horatiu Fesnic","2","4","A"
"91119","30-09-21 18:45","Europe","Conference League","2021/2022","AZ Alkmaar","Jablonec","Rade Obrenovič","1","0","H"
"91120","30-09-21 18:45","Europe","Conference League","2021/2022","CFR Cluj","Randers FC","Davide Massa","1","1","D"
"91121","30-09-21 18:45","Europe","Conference League","2021/2022","CSKA Sofia","Bodo/Glimt","Aleksandrs Anufrijevs","0","0","D"
"91122","30-09-21 18:45","Europe","Conference League","2021/2022","FK Zorya Luhansk","AS Roma","Luís Godinho","0","3","A"
"91123","30-09-21 18:45","Europe","Conference League","2021/2022","Gent","Anorthosis","Filip Glova","2","0","H"
"91124","30-09-21 18:45","Europe","Conference League","2021/2022","LASK","Maccabi Tel Aviv","Mykola Balakin","1","1","D"
"91125","30-09-21 18:45","Europe","Conference League","2021/2022","Partizan","Flora","Julian Weinberger","2","0","H"
"91126","16-09-21 21:00","Europe","Conference League","2021/2022","Anorthosis","Partizan","Peter Kjaersgaard-Andersen","0","2","A"
"91127","16-09-21 21:00","Europe","Conference League","2021/2022","AS Roma","CSKA Sofia","Glenn Nyberg","5","1","H"
"91128","16-09-21 21:00","Europe","Conference League","2021/2022","Bodo/Glimt","FK Zorya Luhansk","Dennis Higler","3","1","H"
"91129","16-09-21 21:00","Europe","Conference League","2021/2022","Jablonec","CFR Cluj","Enea Jorgji","1","0","H"
"91130","16-09-21 21:00","Europe","Conference League","2021/2022","Randers FC","AZ Alkmaar","Duje Strukan","2","2","D"
"91131","16-09-21 18:45","Europe","Conference League","2021/2022","Flora","Gent","Trustin Farrugia Cann","0","1","A"
"91132","16-09-21 18:45","Europe","Conference League","2021/2022","HJK","LASK","Kirill Levnikov","0","2","A"
"91133","16-09-21 18:45","Europe","Conference League","2021/2022","Lincoln Red Imps","PAOK","Robert Harvey","0","2","A"
"91134","16-09-21 18:45","Europe","Conference League","2021/2022","Mura","Vitesse","Mohammed Al-Hakim","0","2","A"
"91135","16-09-21 18:45","Europe","Conference League","2021/2022","Qarabag","Basel","Eric Lambrechts","0","0","D"
"91136","16-09-21 18:45","Europe","Conference League","2021/2022","Rennes","Tottenham","Halis Ozkahya","2","2","D"
"91137","16-09-21 18:45","Europe","Conference League","2021/2022","Slavia Prague","Union Berlin","Fabio Jose Costa Verissimo","3","1","H"
"91138","16-09-21 18:45","Europe","Conference League","2021/2022","Slovan Bratislava","FC Copenhagen","Michael Fabbri","1","3","A"
"91139","16-09-21 16:30","Europe","Conference League","2021/2022","Kairat Almaty","Omonia","Sergiy Boyko","0","0","D"
"91140","14-09-21 16:30","Europe","Conference League","2021/2022","Maccabi Haifa","Feyenoord","Fabio Maresca","0","0","D"
"91141","14-09-21 16:30","Europe","Conference League","2021/2022","Maccabi Tel Aviv","Alashkert","Espen Eskas","4","1","H"