match,match_id,question,market_id,lobby_id,status,closing_time
CPV vs KSA,739bd122-6bcb-4690-8439-c5ca45f8bc22,Will Cape Verde commit more fouls than Saudi Arabia?,f16fed56-b5a2-4d37-9553-ac4196eac2c0,8df8038c-fd2c-4a5f-be4e-0e11d5966c05,open,2026-06-27T02:30:00.000Z
CPV vs KSA,739bd122-6bcb-4690-8439-c5ca45f8bc22,Will both teams have at least 1 shot on target in the second half?,085e6d40-55c7-4070-b356-fcdba73edb6b,8df8038c-fd2c-4a5f-be4e-0e11d5966c05,open,2026-06-27T02:30:00.000Z
CPV vs KSA,739bd122-6bcb-4690-8439-c5ca45f8bc22,Will Saudi Arabia receive more cards than Cape Verde?,ddb0aebe-cbe0-4040-963a-6096f6b5571f,8df8038c-fd2c-4a5f-be4e-0e11d5966c05,open,2026-06-27T02:30:00.000Z
CPV vs KSA,739bd122-6bcb-4690-8439-c5ca45f8bc22,Will a penalty kick be awarded in the match?,ae22aa51-8a21-4455-9086-ca124c9c2656,8df8038c-fd2c-4a5f-be4e-0e11d5966c05,open,2026-06-27T02:30:00.000Z
CPV vs KSA,739bd122-6bcb-4690-8439-c5ca45f8bc22,Will Cape Verde be caught offside 2 or more times?,53d1cfb1-c433-4bf5-bb0e-2d9b82cfec0e,8df8038c-fd2c-4a5f-be4e-0e11d5966c05,open,2026-06-27T02:30:00.000Z
CPV vs KSA,739bd122-6bcb-4690-8439-c5ca45f8bc22,Will Saudi Arabia have more shots on target than Cape Verde in the second half?,bab6a5eb-1f7f-4185-b833-86c0335b15a3,8df8038c-fd2c-4a5f-be4e-0e11d5966c05,open,2026-06-27T02:30:00.000Z
CPV vs KSA,739bd122-6bcb-4690-8439-c5ca45f8bc22,Will Salem Al-Dawsari score a goal (excluding own goals)?,37561adf-2575-4b0e-946a-3554bf110416,8df8038c-fd2c-4a5f-be4e-0e11d5966c05,open,2026-06-27T02:30:00.000Z
CPV vs KSA,739bd122-6bcb-4690-8439-c5ca45f8bc22,Will Ryan Mendes score or assist a goal (excluding own goals)?,112dde24-c7b1-4f24-98d3-24860e7b9088,8df8038c-fd2c-4a5f-be4e-0e11d5966c05,open,2026-06-27T02:30:00.000Z
CPV vs KSA,739bd122-6bcb-4690-8439-c5ca45f8bc22,Will Cape Verde score in the second half?,ac0602d9-157b-4f67-a473-7838dbef8c9d,8df8038c-fd2c-4a5f-be4e-0e11d5966c05,open,2026-06-27T02:30:00.000Z
CPV vs KSA,739bd122-6bcb-4690-8439-c5ca45f8bc22,Will Cape Verde win the match?,1e222611-391d-4b26-af5a-0ef123f62151,8df8038c-fd2c-4a5f-be4e-0e11d5966c05,open,2026-06-27T02:30:00.000Z
URU vs ESP,af3dcfc5-29ac-423c-b9ae-62093c105955,Will the second half have 2 or more total goals?,cb8219c4-07cd-4d69-8c99-297c9a8c8944,8df8038c-fd2c-4a5f-be4e-0e11d5966c05,open,2026-06-27T02:30:00.000Z
URU vs ESP,af3dcfc5-29ac-423c-b9ae-62093c105955,"At halftime, will the match be tied?",2b098e01-ee28-4740-a472-0e47702583de,8df8038c-fd2c-4a5f-be4e-0e11d5966c05,open,2026-06-27T02:30:00.000Z
URU vs ESP,af3dcfc5-29ac-423c-b9ae-62093c105955,Will Uruguay score at least 1 goal?,d65224ff-c16d-4f3a-ab5c-e389871cecf1,8df8038c-fd2c-4a5f-be4e-0e11d5966c05,open,2026-06-27T02:30:00.000Z
URU vs ESP,af3dcfc5-29ac-423c-b9ae-62093c105955,Will Dani Olmo have at least 1 shot on target in the second half?,6dd84759-11e1-408d-8d60-5eb46f13197e,8df8038c-fd2c-4a5f-be4e-0e11d5966c05,open,2026-06-27T02:30:00.000Z
URU vs ESP,af3dcfc5-29ac-423c-b9ae-62093c105955,"In the second half, will Uruguay have more shots on target than Spain?",f3ecfd87-4562-4e01-afd7-5e89c3db468b,8df8038c-fd2c-4a5f-be4e-0e11d5966c05,open,2026-06-27T02:30:00.000Z
URU vs ESP,af3dcfc5-29ac-423c-b9ae-62093c105955,Will Uruguay commit more fouls than Spain?,e3b6f5b3-e5f0-4f9c-8453-121aa08d0e9e,8df8038c-fd2c-4a5f-be4e-0e11d5966c05,open,2026-06-27T02:30:00.000Z
URU vs ESP,af3dcfc5-29ac-423c-b9ae-62093c105955,Will Darwin Núñez have at least 1 shot on target?,9d58ebc6-35db-495e-87a8-82d61798e640,8df8038c-fd2c-4a5f-be4e-0e11d5966c05,open,2026-06-27T02:30:00.000Z
URU vs ESP,af3dcfc5-29ac-423c-b9ae-62093c105955,Will there be 4 or more total cards shown?,8392278e-6be8-46dc-89c7-456cb123846c,8df8038c-fd2c-4a5f-be4e-0e11d5966c05,open,2026-06-27T02:30:00.000Z
URU vs ESP,af3dcfc5-29ac-423c-b9ae-62093c105955,Will there be 9 or more total corner kicks in the match?,ecdf6acb-eef7-45de-88ad-cab0ecf41882,8df8038c-fd2c-4a5f-be4e-0e11d5966c05,open,2026-06-27T02:30:00.000Z
URU vs ESP,af3dcfc5-29ac-423c-b9ae-62093c105955,Will the match have 2 or fewer total goals?,0399ea52-41c2-48b7-b304-5d915cffa527,8df8038c-fd2c-4a5f-be4e-0e11d5966c05,open,2026-06-27T02:30:00.000Z
EGY vs IRN,f24da99f-ccaf-451f-ae8b-f402047ee832,Will Mehdi Taremi have at least 1 shot on target?,9b10408f-a5b9-4586-a4d1-ef3269ad60fc,8df8038c-fd2c-4a5f-be4e-0e11d5966c05,open,2026-06-27T05:30:00.000Z
EGY vs IRN,f24da99f-ccaf-451f-ae8b-f402047ee832,Will Mahmoud Trezeguet have at least 1 shot on target?,b3442350-1e03-42e0-8310-d83af5f99fdb,8df8038c-fd2c-4a5f-be4e-0e11d5966c05,open,2026-06-27T05:30:00.000Z
EGY vs IRN,f24da99f-ccaf-451f-ae8b-f402047ee832,Will Iran finish with more corner kicks than Egypt?,ac02e3c7-ad61-4f98-85bf-c0b8aa80a3be,8df8038c-fd2c-4a5f-be4e-0e11d5966c05,open,2026-06-27T05:30:00.000Z
EGY vs IRN,f24da99f-ccaf-451f-ae8b-f402047ee832,Will Iran have more shots on target than Egypt in the second half?,b78c46e8-557c-4f5e-98b9-cb0774335119,8df8038c-fd2c-4a5f-be4e-0e11d5966c05,open,2026-06-27T05:30:00.000Z
EGY vs IRN,f24da99f-ccaf-451f-ae8b-f402047ee832,Will Iran be caught offside 2 or more times?,528c633c-2c27-484e-aae2-ffd8bfc11274,8df8038c-fd2c-4a5f-be4e-0e11d5966c05,open,2026-06-27T05:30:00.000Z
EGY vs IRN,f24da99f-ccaf-451f-ae8b-f402047ee832,Will Egypt have 3 or more shots on target?,6ae1692b-b794-4d64-8862-f7a42865b5d8,8df8038c-fd2c-4a5f-be4e-0e11d5966c05,open,2026-06-27T05:30:00.000Z
EGY vs IRN,f24da99f-ccaf-451f-ae8b-f402047ee832,Will there be 4 or more total cards shown?,1f08b2aa-1cf4-4f3e-8ac9-a38d13476dd7,8df8038c-fd2c-4a5f-be4e-0e11d5966c05,open,2026-06-27T05:30:00.000Z
EGY vs IRN,f24da99f-ccaf-451f-ae8b-f402047ee832,Will the second half have 2 or more total goals?,537c8858-c51b-4f52-976a-d4822594f93b,8df8038c-fd2c-4a5f-be4e-0e11d5966c05,open,2026-06-27T05:30:00.000Z
EGY vs IRN,f24da99f-ccaf-451f-ae8b-f402047ee832,Will the match have 2 or fewer total goals?,b749e570-1132-4c04-ad87-eb084a4f8b2f,8df8038c-fd2c-4a5f-be4e-0e11d5966c05,open,2026-06-27T05:30:00.000Z
EGY vs IRN,f24da99f-ccaf-451f-ae8b-f402047ee832,Will Egypt win the match?,9d76af0a-07d6-4e3e-83e7-a7fcfcc5f6c0,8df8038c-fd2c-4a5f-be4e-0e11d5966c05,open,2026-06-27T05:30:00.000Z
New Zealand vs BEL,790fcb5f-e9ae-4b31-9608-17977ef89a1a,Will New Zealand score at least 1 goal?,ae0232d1-b5ec-440f-a0aa-fd816ce7550e,8df8038c-fd2c-4a5f-be4e-0e11d5966c05,open,2026-06-27T05:30:00.000Z
New Zealand vs BEL,790fcb5f-e9ae-4b31-9608-17977ef89a1a,Will New Zealand receive more cards than Belgium?,bb023eb2-d88e-4317-a475-2526f87276c3,8df8038c-fd2c-4a5f-be4e-0e11d5966c05,open,2026-06-27T05:30:00.000Z
New Zealand vs BEL,790fcb5f-e9ae-4b31-9608-17977ef89a1a,Will New Zealand have 2 or more shots on target in the second half?,9eabe9c0-6ec7-4702-8540-04ee755c323c,8df8038c-fd2c-4a5f-be4e-0e11d5966c05,open,2026-06-27T05:30:00.000Z
New Zealand vs BEL,790fcb5f-e9ae-4b31-9608-17977ef89a1a,Will both teams score AND the match have 3 or more total goals?,37014a9f-5ab2-43f5-baa4-6bd2dbc1bd97,8df8038c-fd2c-4a5f-be4e-0e11d5966c05,open,2026-06-27T05:30:00.000Z
New Zealand vs BEL,790fcb5f-e9ae-4b31-9608-17977ef89a1a,Will Belgium receive at least 1 card in the second half?,6c1ae3e9-01e0-436a-b4ee-55bd54171708,8df8038c-fd2c-4a5f-be4e-0e11d5966c05,open,2026-06-27T05:30:00.000Z
New Zealand vs BEL,790fcb5f-e9ae-4b31-9608-17977ef89a1a,Will New Zealand commit more fouls than Belgium?,9282f983-7e74-48c2-ae92-64d972164a32,8df8038c-fd2c-4a5f-be4e-0e11d5966c05,open,2026-06-27T05:30:00.000Z
New Zealand vs BEL,790fcb5f-e9ae-4b31-9608-17977ef89a1a,Will Youri Tielemans have at least 1 shot on target?,66ed62a5-c4f6-4938-9287-e17c2743ca64,8df8038c-fd2c-4a5f-be4e-0e11d5966c05,open,2026-06-27T05:30:00.000Z
New Zealand vs BEL,790fcb5f-e9ae-4b31-9608-17977ef89a1a,Will Belgium have 4 or more shots on target?,84aaece6-6111-4a5a-a77a-a97f9ff13afe,8df8038c-fd2c-4a5f-be4e-0e11d5966c05,open,2026-06-27T05:30:00.000Z
New Zealand vs BEL,790fcb5f-e9ae-4b31-9608-17977ef89a1a,"At halftime, will both teams have at least 1 shot on target?",0a58473c-5d91-405d-bc16-cb2de57a9a0c,8df8038c-fd2c-4a5f-be4e-0e11d5966c05,open,2026-06-27T05:30:00.000Z
New Zealand vs BEL,790fcb5f-e9ae-4b31-9608-17977ef89a1a,Will Belgium score in the second half?,ee0f2ad4-846e-43ca-8166-01593619dd44,8df8038c-fd2c-4a5f-be4e-0e11d5966c05,open,2026-06-27T05:30:00.000Z
CRO vs GHA,780369fb-f757-4166-998b-c2db986f87f4,Will Croatia win the match?,0e3f5b26-a800-414a-8c74-d3056ea293c0,8df8038c-fd2c-4a5f-be4e-0e11d5966c05,open,2026-06-27T23:30:00.000Z
CRO vs GHA,780369fb-f757-4166-998b-c2db986f87f4,Will Antoine Semenyo have at least 1 shot on target?,2e61a108-671a-4024-b421-aa67e7b8105d,8df8038c-fd2c-4a5f-be4e-0e11d5966c05,open,2026-06-27T23:30:00.000Z
CRO vs GHA,780369fb-f757-4166-998b-c2db986f87f4,Will Croatia have 6 or more shots on target?,43ae8180-e10c-418d-89ab-e5a42e58d702,8df8038c-fd2c-4a5f-be4e-0e11d5966c05,open,2026-06-27T23:30:00.000Z
CRO vs GHA,780369fb-f757-4166-998b-c2db986f87f4,Will there be 9 or more total corner kicks?,6a29d849-2b3f-4a64-b2b6-3f034b2a5b2b,8df8038c-fd2c-4a5f-be4e-0e11d5966c05,open,2026-06-27T23:30:00.000Z
CRO vs GHA,780369fb-f757-4166-998b-c2db986f87f4,Will Croatia score in the second half?,c499a3e6-92f2-4b44-bac2-751ec61acf56,8df8038c-fd2c-4a5f-be4e-0e11d5966c05,open,2026-06-27T23:30:00.000Z
CRO vs GHA,780369fb-f757-4166-998b-c2db986f87f4,"At halftime, will Croatia be winning?",3555d723-0ef3-4c1a-86c4-b9bccc02d650,8df8038c-fd2c-4a5f-be4e-0e11d5966c05,open,2026-06-27T23:30:00.000Z
CRO vs GHA,780369fb-f757-4166-998b-c2db986f87f4,Will Ghana be caught offside 2 or more times?,33e7f75a-cc38-4762-86f1-32fc2fb975cc,8df8038c-fd2c-4a5f-be4e-0e11d5966c05,open,2026-06-27T23:30:00.000Z
CRO vs GHA,780369fb-f757-4166-998b-c2db986f87f4,Will a penalty kick be awarded OR a red card be shown in the match?,9c41d950-c256-43af-80db-076ed84dc567,8df8038c-fd2c-4a5f-be4e-0e11d5966c05,open,2026-06-27T23:30:00.000Z
CRO vs GHA,780369fb-f757-4166-998b-c2db986f87f4,Will Luka Sučić have at least 1 shot on target in the second half?,bb1836ef-4d8b-4360-8482-e474be117aec,8df8038c-fd2c-4a5f-be4e-0e11d5966c05,open,2026-06-27T23:30:00.000Z
CRO vs GHA,780369fb-f757-4166-998b-c2db986f87f4,Will there be 4 or more total shots on target in the second half?,ccbcf840-6275-4403-8791-02c64bdd1893,8df8038c-fd2c-4a5f-be4e-0e11d5966c05,open,2026-06-27T23:30:00.000Z
PAN vs ENG,3d8d1b96-0cca-4fd5-8f21-ad44f457d689,Will Harry Kane have at least 1 shot on target?,6c63350c-f662-44bb-b914-406c60ad3d0c,8df8038c-fd2c-4a5f-be4e-0e11d5966c05,open,2026-06-27T23:30:00.000Z
PAN vs ENG,3d8d1b96-0cca-4fd5-8f21-ad44f457d689,Will José Fajardo have at least 1 shot on target?,aad59e42-0d36-4261-aa3f-8e95a96fcd47,8df8038c-fd2c-4a5f-be4e-0e11d5966c05,open,2026-06-27T23:30:00.000Z
PAN vs ENG,3d8d1b96-0cca-4fd5-8f21-ad44f457d689,Will there be 5 or more total corner kicks in the second half?,91d86b83-bac0-49dd-ba31-bbde0983c2d2,8df8038c-fd2c-4a5f-be4e-0e11d5966c05,open,2026-06-27T23:30:00.000Z
PAN vs ENG,3d8d1b96-0cca-4fd5-8f21-ad44f457d689,Will the match have 3 or more total goals?,b394df3c-cd76-4d91-a9e6-d654162adab2,8df8038c-fd2c-4a5f-be4e-0e11d5966c05,open,2026-06-27T23:30:00.000Z
PAN vs ENG,3d8d1b96-0cca-4fd5-8f21-ad44f457d689,"At halftime, will the match be tied?",d793a499-ddd9-4eab-8c07-4be160366653,8df8038c-fd2c-4a5f-be4e-0e11d5966c05,open,2026-06-27T23:30:00.000Z
PAN vs ENG,3d8d1b96-0cca-4fd5-8f21-ad44f457d689,Will Panama score at least 1 goal?,00f8764b-b25b-4da2-8b8b-2a0e53eede10,8df8038c-fd2c-4a5f-be4e-0e11d5966c05,open,2026-06-27T23:30:00.000Z
PAN vs ENG,3d8d1b96-0cca-4fd5-8f21-ad44f457d689,Will Panama commit more fouls than England?,97a01954-750b-4bfb-8269-ad7e48dec873,8df8038c-fd2c-4a5f-be4e-0e11d5966c05,open,2026-06-27T23:30:00.000Z
PAN vs ENG,3d8d1b96-0cca-4fd5-8f21-ad44f457d689,Will there be 4 or more total shots on target in the second half?,6913dd4d-f020-4955-b562-c9c5458a32f0,8df8038c-fd2c-4a5f-be4e-0e11d5966c05,open,2026-06-27T23:30:00.000Z
PAN vs ENG,3d8d1b96-0cca-4fd5-8f21-ad44f457d689,Will Panama score the first goal of the game and England score in the second half?,b3b81826-7b60-468a-b71e-43838587f0d7,8df8038c-fd2c-4a5f-be4e-0e11d5966c05,open,2026-06-27T23:30:00.000Z
PAN vs ENG,3d8d1b96-0cca-4fd5-8f21-ad44f457d689,Will a penalty kick be awarded OR a red card be shown?,90b29cc0-7b7a-4aed-8703-b91967fe6225,8df8038c-fd2c-4a5f-be4e-0e11d5966c05,open,2026-06-27T23:30:00.000Z
COD vs UZB,03d5b4fb-f094-43e8-ae66-b99987ea03e7,Will both teams score AND the match have 3 or more total goals?,2392f003-e56a-4289-a3b1-b07e7de291b2,8df8038c-fd2c-4a5f-be4e-0e11d5966c05,open,2026-06-28T02:00:00.000Z
COD vs UZB,03d5b4fb-f094-43e8-ae66-b99987ea03e7,Will a penalty kick be awarded OR a red card be shown?,3f4a50eb-7a9a-4eba-b913-f3bb14d64ee7,8df8038c-fd2c-4a5f-be4e-0e11d5966c05,open,2026-06-28T02:00:00.000Z
COD vs UZB,03d5b4fb-f094-43e8-ae66-b99987ea03e7,Will Uzbekistan have more shots on target than DR Congo in the second half?,bb825e94-a0a4-4ea9-a7f3-9835ecf3bca8,8df8038c-fd2c-4a5f-be4e-0e11d5966c05,open,2026-06-28T02:00:00.000Z
COD vs UZB,03d5b4fb-f094-43e8-ae66-b99987ea03e7,Will Eldor Shomurodov have at least 1 shot on target in the second half?,cf17a41d-37e3-4979-82aa-81934ce7b121,8df8038c-fd2c-4a5f-be4e-0e11d5966c05,open,2026-06-28T02:00:00.000Z
COD vs UZB,03d5b4fb-f094-43e8-ae66-b99987ea03e7,Will Uzbekistan commit more fouls than DR Congo?,12f8261f-89b4-4c59-ab7b-4cea700478a1,8df8038c-fd2c-4a5f-be4e-0e11d5966c05,open,2026-06-28T02:00:00.000Z
COD vs UZB,03d5b4fb-f094-43e8-ae66-b99987ea03e7,Will Uzbekistan be caught offside 2 or more times?,2a93e720-962b-43d9-a6de-c595fdf29a0d,8df8038c-fd2c-4a5f-be4e-0e11d5966c05,open,2026-06-28T02:00:00.000Z
COD vs UZB,03d5b4fb-f094-43e8-ae66-b99987ea03e7,Will both teams have at least 1 shot on target in the second half?,57a0208a-b784-4663-aca6-047aadc0fc4b,8df8038c-fd2c-4a5f-be4e-0e11d5966c05,open,2026-06-28T02:00:00.000Z
COD vs UZB,03d5b4fb-f094-43e8-ae66-b99987ea03e7,Will DR Congo win the match?,41bdce13-bfca-4c36-a0bb-12ad94b54db8,8df8038c-fd2c-4a5f-be4e-0e11d5966c05,open,2026-06-28T02:00:00.000Z
COD vs UZB,03d5b4fb-f094-43e8-ae66-b99987ea03e7,Will Cédric Bakambu score or assist a goal (excluding own goals)?,f3962b11-d359-4295-8efb-b9a55c574d3b,8df8038c-fd2c-4a5f-be4e-0e11d5966c05,open,2026-06-28T02:00:00.000Z
COD vs UZB,03d5b4fb-f094-43e8-ae66-b99987ea03e7,Will Uzbekistan have 5 or more corner kicks?,b7328c17-3a9c-49fe-a9a0-1eceed96a03a,8df8038c-fd2c-4a5f-be4e-0e11d5966c05,open,2026-06-28T02:00:00.000Z
COL vs POR,d55a394e-9ba6-4a4a-8112-994724f4b464,Will Gonçalo Ramos have at least 1 shot on target?,c52cb04a-6fdc-41ce-be3a-e52331e876e4,8df8038c-fd2c-4a5f-be4e-0e11d5966c05,open,2026-06-28T02:00:00.000Z
COL vs POR,d55a394e-9ba6-4a4a-8112-994724f4b464,Will Colombia be caught offside 2 or more times?,9f7c76ed-e5f2-459b-af43-29e03299257b,8df8038c-fd2c-4a5f-be4e-0e11d5966c05,open,2026-06-28T02:00:00.000Z
COL vs POR,d55a394e-9ba6-4a4a-8112-994724f4b464,"In the second half, will Colombia have more shots on target than Portugal?",c48e143a-ce01-4977-9b79-98077a2e04bc,8df8038c-fd2c-4a5f-be4e-0e11d5966c05,open,2026-06-28T02:00:00.000Z
COL vs POR,d55a394e-9ba6-4a4a-8112-994724f4b464,Will a penalty kick be awarded OR a red card be shown?,de87022c-d94b-41cc-84c9-096f933d5929,8df8038c-fd2c-4a5f-be4e-0e11d5966c05,open,2026-06-28T02:00:00.000Z
COL vs POR,d55a394e-9ba6-4a4a-8112-994724f4b464,Will both teams score AND the match have 3 or more total goals?,3b9f27bf-b9ca-4604-9112-ef8e99dfbe36,8df8038c-fd2c-4a5f-be4e-0e11d5966c05,open,2026-06-28T02:00:00.000Z
COL vs POR,d55a394e-9ba6-4a4a-8112-994724f4b464,Will Colombia win the match?,9abcb31a-2213-49d2-a515-43b9cc9a71ab,8df8038c-fd2c-4a5f-be4e-0e11d5966c05,open,2026-06-28T02:00:00.000Z
COL vs POR,d55a394e-9ba6-4a4a-8112-994724f4b464,Will Colombia have 4 or more shots on target?,eb47fe91-b920-4acf-9c5a-1009ed7cb33a,8df8038c-fd2c-4a5f-be4e-0e11d5966c05,open,2026-06-28T02:00:00.000Z
COL vs POR,d55a394e-9ba6-4a4a-8112-994724f4b464,Will Portugal have 4 or more shots on target?,c703d31f-77ab-4190-8666-7b334aa1bec8,8df8038c-fd2c-4a5f-be4e-0e11d5966c05,open,2026-06-28T02:00:00.000Z
COL vs POR,d55a394e-9ba6-4a4a-8112-994724f4b464,Will there be 5 or more total corner kicks in the second half?,c5fada39-248b-4118-ae3e-4e6af345fa96,8df8038c-fd2c-4a5f-be4e-0e11d5966c05,open,2026-06-28T02:00:00.000Z
COL vs POR,d55a394e-9ba6-4a4a-8112-994724f4b464,Will Luis Díaz score a goal (excluding own goals)?,7e371206-e93a-437d-9a4a-a5451e44012e,8df8038c-fd2c-4a5f-be4e-0e11d5966c05,open,2026-06-28T02:00:00.000Z
ALG vs AUT,c5b16a05-c823-48c9-ac79-8923c44df945,Will Algeria commit more fouls than Austria?,89051d35-6048-480e-a2f7-925ac9346337,8df8038c-fd2c-4a5f-be4e-0e11d5966c05,open,2026-06-28T04:30:00.000Z
ALG vs AUT,c5b16a05-c823-48c9-ac79-8923c44df945,Will Austria have more shots on target than Algeria in the second half?,4e2fd55d-652b-4fb5-9375-31e382bada1c,8df8038c-fd2c-4a5f-be4e-0e11d5966c05,open,2026-06-28T04:30:00.000Z
ALG vs AUT,c5b16a05-c823-48c9-ac79-8923c44df945,Will Austria score the first goal of the second half?,e7e494aa-0978-4c61-a66e-91876ab893cb,8df8038c-fd2c-4a5f-be4e-0e11d5966c05,open,2026-06-28T04:30:00.000Z
ALG vs AUT,c5b16a05-c823-48c9-ac79-8923c44df945,Will Austria score more goals than Algeria in the second half?,37f1e3ff-3bb5-41e3-b1d3-cf9bf02eefa0,8df8038c-fd2c-4a5f-be4e-0e11d5966c05,open,2026-06-28T04:30:00.000Z
ALG vs AUT,c5b16a05-c823-48c9-ac79-8923c44df945,Will Austria receive more cards than Algeria?,11105aab-6512-426a-8398-c59c4b8ba8e4,8df8038c-fd2c-4a5f-be4e-0e11d5966c05,open,2026-06-28T04:30:00.000Z
ALG vs AUT,c5b16a05-c823-48c9-ac79-8923c44df945,Will Algeria win the match?,3d4d7f4a-ad8a-43f4-a5a6-f777e18c7c76,8df8038c-fd2c-4a5f-be4e-0e11d5966c05,open,2026-06-28T04:30:00.000Z
ALG vs AUT,c5b16a05-c823-48c9-ac79-8923c44df945,Will there be 9 or more total corner kicks?,65e32b43-e8cc-4a03-9e13-378ab6b950b6,8df8038c-fd2c-4a5f-be4e-0e11d5966c05,open,2026-06-28T04:30:00.000Z
ALG vs AUT,c5b16a05-c823-48c9-ac79-8923c44df945,Will Austria have 5 or more shots on target?,a42becae-4a32-411a-904a-813bb1a2af6b,8df8038c-fd2c-4a5f-be4e-0e11d5966c05,open,2026-06-28T04:30:00.000Z
ALG vs AUT,c5b16a05-c823-48c9-ac79-8923c44df945,Will Marcel Sabitzer have at least 1 shot on target?,0689d420-b2dc-4ad5-bcf7-4f62a43ae956,8df8038c-fd2c-4a5f-be4e-0e11d5966c05,open,2026-06-28T04:30:00.000Z
ALG vs AUT,c5b16a05-c823-48c9-ac79-8923c44df945,Will Algeria have 3 or more shots on target?,ddb88604-c5b2-41e4-b54c-3a6251ca225a,8df8038c-fd2c-4a5f-be4e-0e11d5966c05,open,2026-06-28T04:30:00.000Z
JOR vs ARG,03995b66-4456-4acf-bc95-cf9f1645be0c,Will Argentina have at least 1 corner kick in the first half?,89a055ad-c0e0-4d32-81d3-a697e201d01e,8df8038c-fd2c-4a5f-be4e-0e11d5966c05,open,2026-06-28T04:30:00.000Z
JOR vs ARG,03995b66-4456-4acf-bc95-cf9f1645be0c,Will Jordan be caught offside 2 or more times?,9737e196-a037-4bc7-94c7-6afe9ac69463,8df8038c-fd2c-4a5f-be4e-0e11d5966c05,open,2026-06-28T04:30:00.000Z
JOR vs ARG,03995b66-4456-4acf-bc95-cf9f1645be0c,Will Jordan commit more fouls than Argentina?,e71cc4d9-cfb2-42d6-a795-93c0ca645882,8df8038c-fd2c-4a5f-be4e-0e11d5966c05,open,2026-06-28T04:30:00.000Z
JOR vs ARG,03995b66-4456-4acf-bc95-cf9f1645be0c,Will Argentina have more shots on target than Jordan in the second half?,36d135a4-2db4-4702-a4f3-e020206a4d9f,8df8038c-fd2c-4a5f-be4e-0e11d5966c05,open,2026-06-28T04:30:00.000Z
JOR vs ARG,03995b66-4456-4acf-bc95-cf9f1645be0c,Will a penalty kick be awarded OR a red card be shown in the match?,64167c13-32d0-4b61-bd0b-f54a331f3336,8df8038c-fd2c-4a5f-be4e-0e11d5966c05,open,2026-06-28T04:30:00.000Z
JOR vs ARG,03995b66-4456-4acf-bc95-cf9f1645be0c,Will Jordan score at least 1 goal?,eaf3a69b-22c2-43f1-bde5-80dc167fd331,8df8038c-fd2c-4a5f-be4e-0e11d5966c05,open,2026-06-28T04:30:00.000Z
JOR vs ARG,03995b66-4456-4acf-bc95-cf9f1645be0c,Will the match have 2 or fewer total goals?,3d98c4bc-7429-44d1-ba22-f94b9e89a24f,8df8038c-fd2c-4a5f-be4e-0e11d5966c05,open,2026-06-28T04:30:00.000Z
JOR vs ARG,03995b66-4456-4acf-bc95-cf9f1645be0c,Will Jordan score in the second half?,d246bfc5-f14e-4de2-939f-27d25176efec,8df8038c-fd2c-4a5f-be4e-0e11d5966c05,open,2026-06-28T04:30:00.000Z
JOR vs ARG,03995b66-4456-4acf-bc95-cf9f1645be0c,Will Mousa Al-Taamari score or assist a goal (excluding own goals)?,265b0dde-79a3-477b-a989-e86a1bf2b530,8df8038c-fd2c-4a5f-be4e-0e11d5966c05,open,2026-06-28T04:30:00.000Z
JOR vs ARG,03995b66-4456-4acf-bc95-cf9f1645be0c,Will Argentina have 6 or more shots on target?,db40a747-94d5-4120-9399-19b8a549c95e,8df8038c-fd2c-4a5f-be4e-0e11d5966c05,open,2026-06-28T04:30:00.000Z
RSA vs CAN,c03909dc-6898-4224-851b-0250b179e749,Will a substitute score a goal in regulation (90 minutes + stoppage time)?,de21e828-24f0-4378-b95d-c64932778c89,8df8038c-fd2c-4a5f-be4e-0e11d5966c05,open,2026-06-28T21:30:00.000Z
RSA vs CAN,c03909dc-6898-4224-851b-0250b179e749,Will a goal be scored before the first hydration break?,3c1fd51d-483c-45ac-bfeb-403b3a4d5ea0,8df8038c-fd2c-4a5f-be4e-0e11d5966c05,open,2026-06-28T21:30:00.000Z
RSA vs CAN,c03909dc-6898-4224-851b-0250b179e749,"Will a card be shown after the second hydration break, including any extra time?",a51434a4-c066-44b5-a0bd-e6126281cbd6,8df8038c-fd2c-4a5f-be4e-0e11d5966c05,open,2026-06-28T21:30:00.000Z
RSA vs CAN,c03909dc-6898-4224-851b-0250b179e749,Will both teams score in regulation (90 minutes + stoppage time)?,2e4393e0-3948-4f76-8a2d-f2197c6a3e55,8df8038c-fd2c-4a5f-be4e-0e11d5966c05,open,2026-06-28T21:30:00.000Z
RSA vs CAN,c03909dc-6898-4224-851b-0250b179e749,Will either team be ruled offside before the first hydration break?,b4734ea2-4c43-4e7f-8bf3-f57573fcb298,8df8038c-fd2c-4a5f-be4e-0e11d5966c05,open,2026-06-28T21:30:00.000Z
RSA vs CAN,c03909dc-6898-4224-851b-0250b179e749,Will there be 9 or more total corner kicks in regulation (90 minutes + stoppage time)?,5a6436d4-afe8-4c0f-9647-946022d213cb,8df8038c-fd2c-4a5f-be4e-0e11d5966c05,open,2026-06-28T21:30:00.000Z
RSA vs CAN,c03909dc-6898-4224-851b-0250b179e749,Will Iqraam Rayners have at least 1 shot on target in regulation (90 minutes + stoppage time)?,941946fe-a6fb-4d99-a5dc-84763651ce6c,8df8038c-fd2c-4a5f-be4e-0e11d5966c05,open,2026-06-28T21:30:00.000Z
RSA vs CAN,c03909dc-6898-4224-851b-0250b179e749,Will there be 4 or more total cards shown in regulation (90 minutes + stoppage time)?,bbe03969-b5d0-4eac-87b6-e1cab878ff69,8df8038c-fd2c-4a5f-be4e-0e11d5966c05,open,2026-06-28T21:30:00.000Z
RSA vs CAN,c03909dc-6898-4224-851b-0250b179e749,Will Cyle Larin score a goal (excluding own goals) in regulation (90 minutes + stoppage time)?,d03dc02d-b7c2-4978-9e92-4c29102843d0,8df8038c-fd2c-4a5f-be4e-0e11d5966c05,open,2026-06-28T21:30:00.000Z
RSA vs CAN,c03909dc-6898-4224-851b-0250b179e749,Will any player score more than 1 goal (excluding own goals) in regulation (90 minutes + stoppage time)?,be7f5812-cf65-4b9c-87a3-f1b898922f22,8df8038c-fd2c-4a5f-be4e-0e11d5966c05,open,2026-06-28T21:30:00.000Z
RSA vs CAN,c03909dc-6898-4224-851b-0250b179e749,"Will the second half produce more goals than the first half in regulation (90 minutes + stoppage time), excluding extra time?",51fc6eca-3437-41ba-8383-0c60a2001ed7,8df8038c-fd2c-4a5f-be4e-0e11d5966c05,open,2026-06-28T21:30:00.000Z
RSA vs CAN,c03909dc-6898-4224-851b-0250b179e749,Will a penalty kick be awarded during regulation (90 minutes + stoppage time)?,14da2f89-aab8-4906-9d34-2bb72525beab,8df8038c-fd2c-4a5f-be4e-0e11d5966c05,open,2026-06-28T21:30:00.000Z
RSA vs CAN,c03909dc-6898-4224-851b-0250b179e749,Will South Africa advance to the Round of 16?,a1700706-dbc0-4e3f-877d-9d27c0842619,8df8038c-fd2c-4a5f-be4e-0e11d5966c05,open,2026-06-28T21:30:00.000Z
RSA vs CAN,c03909dc-6898-4224-851b-0250b179e749,Will Canada be ahead at halftime?,4fca9b8a-3c1f-41a8-ade6-fecd21f90469,8df8038c-fd2c-4a5f-be4e-0e11d5966c05,open,2026-06-28T21:30:00.000Z
RSA vs CAN,c03909dc-6898-4224-851b-0250b179e749,Will regulation (90 minutes + stoppage time) end in a tie?,2df5fdab-7006-4846-ab13-f8794ca1712b,8df8038c-fd2c-4a5f-be4e-0e11d5966c05,open,2026-06-28T21:30:00.000Z
BRA vs JPN,f2212dc4-88e2-4170-b629-07a9ac003d2d,Will there be 4 or more total cards shown in regulation (90 minutes + stoppage time)?,49592da9-150b-4d40-952f-3e94bc26b7b1,8df8038c-fd2c-4a5f-be4e-0e11d5966c05,open,2026-06-29T19:30:00.000Z
BRA vs JPN,f2212dc4-88e2-4170-b629-07a9ac003d2d,Will there be 9 or more total corner kicks in regulation (90 minutes + stoppage time)?,a531db10-7818-4d91-8a98-514422e3730d,8df8038c-fd2c-4a5f-be4e-0e11d5966c05,open,2026-06-29T19:30:00.000Z
BRA vs JPN,f2212dc4-88e2-4170-b629-07a9ac003d2d,Will Japan advance to the Round of 16?,77497fb4-5218-40c7-b169-42b05986fee4,8df8038c-fd2c-4a5f-be4e-0e11d5966c05,open,2026-06-29T19:30:00.000Z
BRA vs JPN,f2212dc4-88e2-4170-b629-07a9ac003d2d,Will any player record 2 or more shots on target in regulation (90 minutes + stoppage time)?,733db4af-c080-42a3-b8a2-88006fcf258c,8df8038c-fd2c-4a5f-be4e-0e11d5966c05,open,2026-06-29T19:30:00.000Z
BRA vs JPN,f2212dc4-88e2-4170-b629-07a9ac003d2d,Will there be 8 or more total shots on target in regulation (90 minutes + stoppage time)?,067d8bf5-d887-4f25-af85-7b5eb84c3bf8,8df8038c-fd2c-4a5f-be4e-0e11d5966c05,open,2026-06-29T19:30:00.000Z
BRA vs JPN,f2212dc4-88e2-4170-b629-07a9ac003d2d,Will Brazil score 2 or more goals in regulation (90 minutes + stoppage time)?,3e091acb-adfd-492c-b100-c198187f314b,8df8038c-fd2c-4a5f-be4e-0e11d5966c05,open,2026-06-29T19:30:00.000Z
BRA vs JPN,f2212dc4-88e2-4170-b629-07a9ac003d2d,Will regulation (90 minutes + stoppage time) end in a tie?,e5e02948-b83e-42b5-9c13-7673296d17a5,8df8038c-fd2c-4a5f-be4e-0e11d5966c05,open,2026-06-29T19:30:00.000Z
BRA vs JPN,f2212dc4-88e2-4170-b629-07a9ac003d2d,Will Ayase Ueda have at least 1 shot on target in regulation (90 minutes + stoppage time)?,ac73a683-1d0e-468b-8d45-366ef53f406d,8df8038c-fd2c-4a5f-be4e-0e11d5966c05,open,2026-06-29T19:30:00.000Z
BRA vs JPN,f2212dc4-88e2-4170-b629-07a9ac003d2d,Will Brazil score in both halves of regulation (90 minutes + stoppage time)?,0953f2d2-5007-4a63-a78d-3fa3528152fe,8df8038c-fd2c-4a5f-be4e-0e11d5966c05,open,2026-06-29T19:30:00.000Z
BRA vs JPN,f2212dc4-88e2-4170-b629-07a9ac003d2d,Will the match have 3 or more total goals in regulation (90 minutes + stoppage time)?,f2bfaced-5b9a-49cf-b2d7-8380e6b28b87,8df8038c-fd2c-4a5f-be4e-0e11d5966c05,open,2026-06-29T19:30:00.000Z
BRA vs JPN,f2212dc4-88e2-4170-b629-07a9ac003d2d,Will either team be ruled offside before the first hydration break?,b20d1c90-f33e-420e-aadf-ddcd1bc4c00b,8df8038c-fd2c-4a5f-be4e-0e11d5966c05,open,2026-06-29T19:30:00.000Z
BRA vs JPN,f2212dc4-88e2-4170-b629-07a9ac003d2d,Will any player score more than 1 goal (excluding own goals) in regulation (90 minutes + stoppage time)?,4722a4c3-3307-4622-a181-f52104002127,8df8038c-fd2c-4a5f-be4e-0e11d5966c05,open,2026-06-29T19:30:00.000Z
BRA vs JPN,f2212dc4-88e2-4170-b629-07a9ac003d2d,Will Matheus Cunha score a goal (excluding own goals) in regulation (90 minutes + stoppage time)?,f0f5a685-09bc-41af-8cbd-052ef2160eec,8df8038c-fd2c-4a5f-be4e-0e11d5966c05,open,2026-06-29T19:30:00.000Z
BRA vs JPN,f2212dc4-88e2-4170-b629-07a9ac003d2d,Will a substitute score a goal in regulation (90 minutes + stoppage time)?,ed216ed3-aa9b-4e88-b2b9-97c7d3948049,8df8038c-fd2c-4a5f-be4e-0e11d5966c05,open,2026-06-29T19:30:00.000Z
BRA vs JPN,f2212dc4-88e2-4170-b629-07a9ac003d2d,Will a goal be scored before the first hydration break?,d5e59d26-8385-4ce9-8e6f-54002684bcc7,8df8038c-fd2c-4a5f-be4e-0e11d5966c05,open,2026-06-29T19:30:00.000Z
NED vs MAR,9b65e63b-e296-4f3a-900f-75ae9a493e16,Will the Netherlands score the first goal of the match?,514339d2-4bff-4a1a-8179-fe2db31ea0d1,8df8038c-fd2c-4a5f-be4e-0e11d5966c05,open,2026-06-30T03:30:00.000Z
NED vs MAR,9b65e63b-e296-4f3a-900f-75ae9a493e16,Will a penalty kick be awarded during regulation (90 minutes + stoppage time)?,062c31bc-0238-4013-b35b-8384b379e4fe,8df8038c-fd2c-4a5f-be4e-0e11d5966c05,open,2026-06-30T03:30:00.000Z
NED vs MAR,9b65e63b-e296-4f3a-900f-75ae9a493e16,Will the first half produce 2 or more goals?,f458c7f3-24c5-4dbf-a1df-60d837531c93,8df8038c-fd2c-4a5f-be4e-0e11d5966c05,open,2026-06-30T03:30:00.000Z
NED vs MAR,9b65e63b-e296-4f3a-900f-75ae9a493e16,Will both teams receive at least one card in regulation (90 minutes + stoppage time)?,05641d62-555b-464a-a9e8-e5d28a2a0ca3,8df8038c-fd2c-4a5f-be4e-0e11d5966c05,open,2026-06-30T03:30:00.000Z
NED vs MAR,9b65e63b-e296-4f3a-900f-75ae9a493e16,Will both teams score in regulation (90 minutes + stoppage time)?,fdd404ac-e7e5-4d37-88ff-8d46b5ea7cae,8df8038c-fd2c-4a5f-be4e-0e11d5966c05,open,2026-06-30T03:30:00.000Z
NED vs MAR,9b65e63b-e296-4f3a-900f-75ae9a493e16,Will Ismael Saibari score or assist a goal (excluding own goals) in regulation (90 minutes + stoppage time)?,59dacfcf-0b10-4410-9d24-2b47338ff14d,8df8038c-fd2c-4a5f-be4e-0e11d5966c05,open,2026-06-30T03:30:00.000Z
NED vs MAR,9b65e63b-e296-4f3a-900f-75ae9a493e16,Will the Netherlands win in regulation (90 minutes + stoppage time)?,77882c82-5e2e-4f62-85c0-1d4ec6e8a57a,8df8038c-fd2c-4a5f-be4e-0e11d5966c05,open,2026-06-30T03:30:00.000Z
NED vs MAR,9b65e63b-e296-4f3a-900f-75ae9a493e16,Will the Netherlands have more corner kicks than Morocco in regulation (90 minutes + stoppage time)?,e2475183-83cb-450c-9efc-e5cd5b7cff89,8df8038c-fd2c-4a5f-be4e-0e11d5966c05,open,2026-06-30T03:30:00.000Z
NED vs MAR,9b65e63b-e296-4f3a-900f-75ae9a493e16,Will Brian Brobbey have 2 or more shots on target in regulation (90 minutes + stoppage time)?,293056e9-c86b-4321-8785-cb50cc6948c1,8df8038c-fd2c-4a5f-be4e-0e11d5966c05,open,2026-06-30T03:30:00.000Z
NED vs MAR,9b65e63b-e296-4f3a-900f-75ae9a493e16,"Will the second half produce more goals than the first half in regulation (90 minutes + stoppage time), excluding extra time?",4f4353f0-b04f-4bd0-a023-78842bee2082,8df8038c-fd2c-4a5f-be4e-0e11d5966c05,open,2026-06-30T03:30:00.000Z
NED vs MAR,9b65e63b-e296-4f3a-900f-75ae9a493e16,Will a red card be shown in the match?,44864aa9-102e-4d73-b9ab-cd6578e1c5c0,8df8038c-fd2c-4a5f-be4e-0e11d5966c05,open,2026-06-30T03:30:00.000Z
NED vs MAR,9b65e63b-e296-4f3a-900f-75ae9a493e16,Will a goal be scored after the second hydration break?,ac83b045-8087-4714-ad35-cf023f8abd95,8df8038c-fd2c-4a5f-be4e-0e11d5966c05,open,2026-06-30T03:30:00.000Z
NED vs MAR,9b65e63b-e296-4f3a-900f-75ae9a493e16,Will a goal be scored in first-half stoppage time?,fa4f3ba6-00e9-4aa9-bab2-62d48abe22db,8df8038c-fd2c-4a5f-be4e-0e11d5966c05,open,2026-06-30T03:30:00.000Z
NED vs MAR,9b65e63b-e296-4f3a-900f-75ae9a493e16,"Will a card be shown after the second hydration break, including any extra time?",828c676e-4bf6-4bdb-9517-aef2d6885a5b,8df8038c-fd2c-4a5f-be4e-0e11d5966c05,open,2026-06-30T03:30:00.000Z
NED vs MAR,9b65e63b-e296-4f3a-900f-75ae9a493e16,Will Morocco be ahead at halftime?,4ef5859b-4496-4acb-afa5-06cc7b90f31c,8df8038c-fd2c-4a5f-be4e-0e11d5966c05,open,2026-06-30T03:30:00.000Z
USA vs BIH,b2c86c3b-8060-4173-8321-fb68699210f4,Will a penalty kick be awarded OR a red card be shown in regulation (90 minutes + stoppage time)?,001cdb6c-ef79-44f5-aa21-4e5298d099ab,8df8038c-fd2c-4a5f-be4e-0e11d5966c05,open,2026-07-02T02:30:00.000Z
USA vs BIH,b2c86c3b-8060-4173-8321-fb68699210f4,Will a goal be scored in second-half stoppage time?,61587b7b-05b3-4213-b521-d0162977620b,8df8038c-fd2c-4a5f-be4e-0e11d5966c05,open,2026-07-02T02:30:00.000Z
USA vs BIH,b2c86c3b-8060-4173-8321-fb68699210f4,Will 2 or more corner kicks be taken before the first hydration break?,ced80060-58e1-426a-be44-e4e9c21d2cee,8df8038c-fd2c-4a5f-be4e-0e11d5966c05,open,2026-07-02T02:30:00.000Z
USA vs BIH,b2c86c3b-8060-4173-8321-fb68699210f4,Will the United States have 6 or more corner kicks in regulation (90 minutes + stoppage time)?,860a1474-3bb3-4d06-b9e2-ab291e239dc4,8df8038c-fd2c-4a5f-be4e-0e11d5966c05,open,2026-07-02T02:30:00.000Z
USA vs BIH,b2c86c3b-8060-4173-8321-fb68699210f4,Will a substitution be made before halftime?,d6008186-be02-46a0-8f3c-36a92b90b74f,8df8038c-fd2c-4a5f-be4e-0e11d5966c05,open,2026-07-02T02:30:00.000Z
USA vs BIH,b2c86c3b-8060-4173-8321-fb68699210f4,Will there be 5 or more total cards shown in regulation (90 minutes + stoppage time)?,619b26a6-2562-4bec-9f98-b7f7f40971b9,8df8038c-fd2c-4a5f-be4e-0e11d5966c05,open,2026-07-02T02:30:00.000Z
USA vs BIH,b2c86c3b-8060-4173-8321-fb68699210f4,Will the United States have 6 or more shots on target in regulation (90 minutes + stoppage time)?,c64a7514-26e5-414b-b383-5c99bf06dc3f,8df8038c-fd2c-4a5f-be4e-0e11d5966c05,open,2026-07-02T02:30:00.000Z
USA vs BIH,b2c86c3b-8060-4173-8321-fb68699210f4,Will there be 22 or more total shots (on and off target) in regulation (90 minutes + stoppage time)?,4ad0956e-dd6c-40d0-9762-fd8d96bb83e4,8df8038c-fd2c-4a5f-be4e-0e11d5966c05,open,2026-07-02T02:30:00.000Z
USA vs BIH,b2c86c3b-8060-4173-8321-fb68699210f4,Will a card be shown in the first half?,f96b7297-29cc-4caa-bf00-2fe5fa5dff36,8df8038c-fd2c-4a5f-be4e-0e11d5966c05,open,2026-07-02T02:30:00.000Z
USA vs BIH,b2c86c3b-8060-4173-8321-fb68699210f4,Will Ermedin Demirović have at least 1 shot on target in regulation (90 minutes + stoppage time)?,cf910072-29cf-45f6-bd67-d04d47115ecd,8df8038c-fd2c-4a5f-be4e-0e11d5966c05,open,2026-07-02T02:30:00.000Z
USA vs BIH,b2c86c3b-8060-4173-8321-fb68699210f4,Will there be 4 or more offside calls in regulation (90 minutes + stoppage time)?,0841ea27-cfc2-48f2-ab22-c459b89b2bcb,8df8038c-fd2c-4a5f-be4e-0e11d5966c05,open,2026-07-02T02:30:00.000Z
USA vs BIH,b2c86c3b-8060-4173-8321-fb68699210f4,Will the match have 2 or fewer total goals in regulation (90 minutes + stoppage time)?,060bce76-0a84-477f-ba6f-c421a1ee53bd,8df8038c-fd2c-4a5f-be4e-0e11d5966c05,open,2026-07-02T02:30:00.000Z
USA vs BIH,b2c86c3b-8060-4173-8321-fb68699210f4,Will Folarin Balogun score a goal (excluding own goals) in regulation (90 minutes + stoppage time)?,684e0f33-1bb7-42ad-ada3-d56bf1a34610,8df8038c-fd2c-4a5f-be4e-0e11d5966c05,open,2026-07-02T02:30:00.000Z
USA vs BIH,b2c86c3b-8060-4173-8321-fb68699210f4,Will Bosnia and Herzegovina receive more cards than the United States in regulation (90 minutes + stoppage time)?,99dde047-6147-4d00-9e29-8b482e7b81f8,8df8038c-fd2c-4a5f-be4e-0e11d5966c05,open,2026-07-02T02:30:00.000Z
USA vs BIH,b2c86c3b-8060-4173-8321-fb68699210f4,Will the United States win by 2 or more goals in regulation (90 minutes + stoppage time)?,4c29ab08-ca3d-470b-97d0-a2815d0ea076,8df8038c-fd2c-4a5f-be4e-0e11d5966c05,open,2026-07-02T02:30:00.000Z
