match,market,question,prob,pct,source,note,commence,match_id
Canada vs Bosnia & Herzegovina,Moneyline,Will Canada win the match?,0.7524,75.2,fundamentals,lbenz bvp + crowd + momentum,2026-06-12T19:02:00Z,d1f4f946c70a0b4e81f5d43e9d32361c
Canada vs Bosnia & Herzegovina,Moneyline,Will Bosnia & Herzegovina win the match?,0.077,7.7,fundamentals,lbenz bvp + crowd + momentum,2026-06-12T19:02:00Z,d1f4f946c70a0b4e81f5d43e9d32361c
Canada vs Bosnia & Herzegovina,Moneyline,Will the match end in a draw?,0.1706,17.1,fundamentals,lbenz bvp + crowd + momentum,2026-06-12T19:02:00Z,d1f4f946c70a0b4e81f5d43e9d32361c
Canada vs Bosnia & Herzegovina,Total Goals,Will total goals be over 2.5?,0.5046,50.5,fundamentals,lbenz bvp + crowd + momentum,2026-06-12T19:02:00Z,d1f4f946c70a0b4e81f5d43e9d32361c
Canada vs Bosnia & Herzegovina,BTTS,Will both teams score?,0.3641,36.4,fundamentals,lbenz bvp + crowd + momentum,2026-06-12T19:02:00Z,d1f4f946c70a0b4e81f5d43e9d32361c
USA vs Paraguay,Moneyline,Will USA win the match?,0.6029,60.3,fundamentals,lbenz bvp + crowd + momentum,2026-06-13T01:00:00Z,c12986f447a515fbe641addd786dbb24
USA vs Paraguay,Moneyline,Will Paraguay win the match?,0.1477,14.8,fundamentals,lbenz bvp + crowd + momentum,2026-06-13T01:00:00Z,c12986f447a515fbe641addd786dbb24
USA vs Paraguay,Moneyline,Will the match end in a draw?,0.2494,24.9,fundamentals,lbenz bvp + crowd + momentum,2026-06-13T01:00:00Z,c12986f447a515fbe641addd786dbb24
USA vs Paraguay,Total Goals,Will total goals be over 2.5?,0.3811,38.1,fundamentals,lbenz bvp + crowd + momentum,2026-06-13T01:00:00Z,c12986f447a515fbe641addd786dbb24
USA vs Paraguay,BTTS,Will both teams score?,0.3731,37.3,fundamentals,lbenz bvp + crowd + momentum,2026-06-13T01:00:00Z,c12986f447a515fbe641addd786dbb24
Qatar vs Switzerland,Moneyline,Will Qatar win the match?,0.0728,7.3,fundamentals,lbenz bvp + crowd + momentum,2026-06-13T19:00:00Z,26634922d3f78c146440816023e40de8
Qatar vs Switzerland,Moneyline,Will Switzerland win the match?,0.7963,79.6,fundamentals,lbenz bvp + crowd + momentum,2026-06-13T19:00:00Z,26634922d3f78c146440816023e40de8
Qatar vs Switzerland,Moneyline,Will the match end in a draw?,0.1309,13.1,fundamentals,lbenz bvp + crowd + momentum,2026-06-13T19:00:00Z,26634922d3f78c146440816023e40de8
Qatar vs Switzerland,Total Goals,Will total goals be over 2.5?,0.6779,67.8,fundamentals,lbenz bvp + crowd + momentum,2026-06-13T19:00:00Z,26634922d3f78c146440816023e40de8
Qatar vs Switzerland,BTTS,Will both teams score?,0.4863,48.6,fundamentals,lbenz bvp + crowd + momentum,2026-06-13T19:00:00Z,26634922d3f78c146440816023e40de8
Brazil vs Morocco,Moneyline,Will Brazil win the match?,0.4676,46.8,fundamentals,lbenz bvp + crowd + momentum,2026-06-13T22:00:00Z,f6c8748a16516e0998f95de14235432a
Brazil vs Morocco,Moneyline,Will Morocco win the match?,0.2234,22.3,fundamentals,lbenz bvp + crowd + momentum,2026-06-13T22:00:00Z,f6c8748a16516e0998f95de14235432a
Brazil vs Morocco,Moneyline,Will the match end in a draw?,0.309,30.9,fundamentals,lbenz bvp + crowd + momentum,2026-06-13T22:00:00Z,f6c8748a16516e0998f95de14235432a
Brazil vs Morocco,Total Goals,Will total goals be over 2.5?,0.2891,28.9,fundamentals,lbenz bvp + crowd + momentum,2026-06-13T22:00:00Z,f6c8748a16516e0998f95de14235432a
Brazil vs Morocco,BTTS,Will both teams score?,0.349,34.9,fundamentals,lbenz bvp + crowd + momentum,2026-06-13T22:00:00Z,f6c8748a16516e0998f95de14235432a
Haiti vs Scotland,Moneyline,Will Haiti win the match?,0.2062,20.6,fundamentals,lbenz bvp + crowd + momentum,2026-06-14T01:00:00Z,5ae41a06735c926eeb7f74006933adce
Haiti vs Scotland,Moneyline,Will Scotland win the match?,0.5657,56.6,fundamentals,lbenz bvp + crowd + momentum,2026-06-14T01:00:00Z,5ae41a06735c926eeb7f74006933adce
Haiti vs Scotland,Moneyline,Will the match end in a draw?,0.2281,22.8,fundamentals,lbenz bvp + crowd + momentum,2026-06-14T01:00:00Z,5ae41a06735c926eeb7f74006933adce
Haiti vs Scotland,Total Goals,Will total goals be over 2.5?,0.5391,53.9,fundamentals,lbenz bvp + crowd + momentum,2026-06-14T01:00:00Z,5ae41a06735c926eeb7f74006933adce
Haiti vs Scotland,BTTS,Will both teams score?,0.5331,53.3,fundamentals,lbenz bvp + crowd + momentum,2026-06-14T01:00:00Z,5ae41a06735c926eeb7f74006933adce
Australia vs Turkey,Moneyline,Will Australia win the match?,0.4663,46.6,fundamentals,lbenz bvp + crowd + momentum,2026-06-14T04:00:00Z,564084f52cc9f1abcc18187c168a7cdc
Australia vs Turkey,Moneyline,Will Turkey win the match?,0.282,28.2,fundamentals,lbenz bvp + crowd + momentum,2026-06-14T04:00:00Z,564084f52cc9f1abcc18187c168a7cdc
Australia vs Turkey,Moneyline,Will the match end in a draw?,0.2516,25.2,fundamentals,lbenz bvp + crowd + momentum,2026-06-14T04:00:00Z,564084f52cc9f1abcc18187c168a7cdc
Australia vs Turkey,Total Goals,Will total goals be over 2.5?,0.5086,50.9,fundamentals,lbenz bvp + crowd + momentum,2026-06-14T04:00:00Z,564084f52cc9f1abcc18187c168a7cdc
Australia vs Turkey,BTTS,Will both teams score?,0.54,54.0,fundamentals,lbenz bvp + crowd + momentum,2026-06-14T04:00:00Z,564084f52cc9f1abcc18187c168a7cdc
Germany vs Curaçao,Moneyline,Will Germany win the match?,0.909,90.9,fundamentals,lbenz bvp + crowd + momentum,2026-06-14T17:00:00Z,d79edbd6aaeb578d33e313446b18d333
Germany vs Curaçao,Moneyline,Will Curaçao win the match?,0.03,3.0,fundamentals,lbenz bvp + crowd + momentum,2026-06-14T17:00:00Z,d79edbd6aaeb578d33e313446b18d333
Germany vs Curaçao,Moneyline,Will the match end in a draw?,0.0657,6.6,fundamentals,lbenz bvp + crowd + momentum,2026-06-14T17:00:00Z,d79edbd6aaeb578d33e313446b18d333
Germany vs Curaçao,Total Goals,Will total goals be over 2.5?,0.7818,78.2,fundamentals,lbenz bvp + crowd + momentum,2026-06-14T17:00:00Z,d79edbd6aaeb578d33e313446b18d333
Germany vs Curaçao,BTTS,Will both teams score?,0.4067,40.7,fundamentals,lbenz bvp + crowd + momentum,2026-06-14T17:00:00Z,d79edbd6aaeb578d33e313446b18d333
Netherlands vs Japan,Moneyline,Will Netherlands win the match?,0.4276,42.8,fundamentals,lbenz bvp + crowd + momentum,2026-06-14T20:00:00Z,32ec06abda2398ac41501c86eb9aa376
Netherlands vs Japan,Moneyline,Will Japan win the match?,0.3237,32.4,fundamentals,lbenz bvp + crowd + momentum,2026-06-14T20:00:00Z,32ec06abda2398ac41501c86eb9aa376
Netherlands vs Japan,Moneyline,Will the match end in a draw?,0.2487,24.9,fundamentals,lbenz bvp + crowd + momentum,2026-06-14T20:00:00Z,32ec06abda2398ac41501c86eb9aa376
Netherlands vs Japan,Total Goals,Will total goals be over 2.5?,0.5407,54.1,fundamentals,lbenz bvp + crowd + momentum,2026-06-14T20:00:00Z,32ec06abda2398ac41501c86eb9aa376
Netherlands vs Japan,BTTS,Will both teams score?,0.5723,57.2,fundamentals,lbenz bvp + crowd + momentum,2026-06-14T20:00:00Z,32ec06abda2398ac41501c86eb9aa376
Ivory Coast vs Ecuador,Moneyline,Will Ivory Coast win the match?,0.3101,31.0,fundamentals,lbenz bvp + crowd + momentum,2026-06-14T23:00:00Z,05752bb341e197001387b64f3a06b9b2
Ivory Coast vs Ecuador,Moneyline,Will Ecuador win the match?,0.3569,35.7,fundamentals,lbenz bvp + crowd + momentum,2026-06-14T23:00:00Z,05752bb341e197001387b64f3a06b9b2
Ivory Coast vs Ecuador,Moneyline,Will the match end in a draw?,0.333,33.3,fundamentals,lbenz bvp + crowd + momentum,2026-06-14T23:00:00Z,05752bb341e197001387b64f3a06b9b2
Ivory Coast vs Ecuador,Total Goals,Will total goals be over 2.5?,0.2587,25.9,fundamentals,lbenz bvp + crowd + momentum,2026-06-14T23:00:00Z,05752bb341e197001387b64f3a06b9b2
Ivory Coast vs Ecuador,BTTS,Will both teams score?,0.3417,34.2,fundamentals,lbenz bvp + crowd + momentum,2026-06-14T23:00:00Z,05752bb341e197001387b64f3a06b9b2
Sweden vs Tunisia,Moneyline,Will Sweden win the match?,0.5333,53.3,fundamentals,lbenz bvp + crowd + momentum,2026-06-15T02:00:00Z,b55f9569de3f4d731bc5537ff5ff43e4
Sweden vs Tunisia,Moneyline,Will Tunisia win the match?,0.214,21.4,fundamentals,lbenz bvp + crowd + momentum,2026-06-15T02:00:00Z,b55f9569de3f4d731bc5537ff5ff43e4
Sweden vs Tunisia,Moneyline,Will the match end in a draw?,0.2527,25.3,fundamentals,lbenz bvp + crowd + momentum,2026-06-15T02:00:00Z,b55f9569de3f4d731bc5537ff5ff43e4
Sweden vs Tunisia,Total Goals,Will total goals be over 2.5?,0.4497,45.0,fundamentals,lbenz bvp + crowd + momentum,2026-06-15T02:00:00Z,b55f9569de3f4d731bc5537ff5ff43e4
Sweden vs Tunisia,BTTS,Will both teams score?,0.4699,47.0,fundamentals,lbenz bvp + crowd + momentum,2026-06-15T02:00:00Z,b55f9569de3f4d731bc5537ff5ff43e4
Spain vs Cape Verde,Moneyline,Will Spain win the match?,0.8344,83.4,fundamentals,lbenz bvp + crowd + momentum,2026-06-15T16:00:00Z,c54f00b11925751d2b62988775c6c239
Spain vs Cape Verde,Moneyline,Will Cape Verde win the match?,0.049,4.9,fundamentals,lbenz bvp + crowd + momentum,2026-06-15T16:00:00Z,c54f00b11925751d2b62988775c6c239
Spain vs Cape Verde,Moneyline,Will the match end in a draw?,0.1166,11.7,fundamentals,lbenz bvp + crowd + momentum,2026-06-15T16:00:00Z,c54f00b11925751d2b62988775c6c239
Spain vs Cape Verde,Total Goals,Will total goals be over 2.5?,0.6374,63.7,fundamentals,lbenz bvp + crowd + momentum,2026-06-15T16:00:00Z,c54f00b11925751d2b62988775c6c239
Spain vs Cape Verde,BTTS,Will both teams score?,0.3881,38.8,fundamentals,lbenz bvp + crowd + momentum,2026-06-15T16:00:00Z,c54f00b11925751d2b62988775c6c239
Belgium vs Egypt,Moneyline,Will Belgium win the match?,0.4968,49.7,fundamentals,lbenz bvp + crowd + momentum,2026-06-15T19:00:00Z,fbfb95c62003fd6d828b309f96ee1f9b
Belgium vs Egypt,Moneyline,Will Egypt win the match?,0.2363,23.6,fundamentals,lbenz bvp + crowd + momentum,2026-06-15T19:00:00Z,fbfb95c62003fd6d828b309f96ee1f9b
Belgium vs Egypt,Moneyline,Will the match end in a draw?,0.2669,26.7,fundamentals,lbenz bvp + crowd + momentum,2026-06-15T19:00:00Z,fbfb95c62003fd6d828b309f96ee1f9b
Belgium vs Egypt,Total Goals,Will total goals be over 2.5?,0.4189,41.9,fundamentals,lbenz bvp + crowd + momentum,2026-06-15T19:00:00Z,fbfb95c62003fd6d828b309f96ee1f9b
Belgium vs Egypt,BTTS,Will both teams score?,0.4566,45.7,fundamentals,lbenz bvp + crowd + momentum,2026-06-15T19:00:00Z,fbfb95c62003fd6d828b309f96ee1f9b
Saudi Arabia vs Uruguay,Moneyline,Will Saudi Arabia win the match?,0.1365,13.6,fundamentals,lbenz bvp + crowd + momentum,2026-06-15T22:00:00Z,64b91c5f2db61c7358a4f05459e83c52
Saudi Arabia vs Uruguay,Moneyline,Will Uruguay win the match?,0.6141,61.4,fundamentals,lbenz bvp + crowd + momentum,2026-06-15T22:00:00Z,64b91c5f2db61c7358a4f05459e83c52
Saudi Arabia vs Uruguay,Moneyline,Will the match end in a draw?,0.2494,24.9,fundamentals,lbenz bvp + crowd + momentum,2026-06-15T22:00:00Z,64b91c5f2db61c7358a4f05459e83c52
Saudi Arabia vs Uruguay,Total Goals,Will total goals be over 2.5?,0.3655,36.6,fundamentals,lbenz bvp + crowd + momentum,2026-06-15T22:00:00Z,64b91c5f2db61c7358a4f05459e83c52
Saudi Arabia vs Uruguay,BTTS,Will both teams score?,0.3511,35.1,fundamentals,lbenz bvp + crowd + momentum,2026-06-15T22:00:00Z,64b91c5f2db61c7358a4f05459e83c52
Iran vs New Zealand,Moneyline,Will Iran win the match?,0.6494,64.9,fundamentals,lbenz bvp + crowd + momentum,2026-06-16T01:00:00Z,ec51b9c44ad5e34552f3ab53f7262813
Iran vs New Zealand,Moneyline,Will New Zealand win the match?,0.1219,12.2,fundamentals,lbenz bvp + crowd + momentum,2026-06-16T01:00:00Z,ec51b9c44ad5e34552f3ab53f7262813
Iran vs New Zealand,Moneyline,Will the match end in a draw?,0.2287,22.9,fundamentals,lbenz bvp + crowd + momentum,2026-06-16T01:00:00Z,ec51b9c44ad5e34552f3ab53f7262813
Iran vs New Zealand,Total Goals,Will total goals be over 2.5?,0.4048,40.5,fundamentals,lbenz bvp + crowd + momentum,2026-06-16T01:00:00Z,ec51b9c44ad5e34552f3ab53f7262813
Iran vs New Zealand,BTTS,Will both teams score?,0.3636,36.4,fundamentals,lbenz bvp + crowd + momentum,2026-06-16T01:00:00Z,ec51b9c44ad5e34552f3ab53f7262813
France vs Senegal,Moneyline,Will France win the match?,0.5895,58.9,fundamentals,lbenz bvp + crowd + momentum,2026-06-16T19:00:00Z,73a4fcd14cc9766b9b9bfd50b8ca153a
France vs Senegal,Moneyline,Will Senegal win the match?,0.1661,16.6,fundamentals,lbenz bvp + crowd + momentum,2026-06-16T19:00:00Z,73a4fcd14cc9766b9b9bfd50b8ca153a
France vs Senegal,Moneyline,Will the match end in a draw?,0.2445,24.4,fundamentals,lbenz bvp + crowd + momentum,2026-06-16T19:00:00Z,73a4fcd14cc9766b9b9bfd50b8ca153a
France vs Senegal,Total Goals,Will total goals be over 2.5?,0.4222,42.2,fundamentals,lbenz bvp + crowd + momentum,2026-06-16T19:00:00Z,73a4fcd14cc9766b9b9bfd50b8ca153a
France vs Senegal,BTTS,Will both teams score?,0.4188,41.9,fundamentals,lbenz bvp + crowd + momentum,2026-06-16T19:00:00Z,73a4fcd14cc9766b9b9bfd50b8ca153a
Iraq vs Norway,Moneyline,Will Iraq win the match?,0.1047,10.5,fundamentals,lbenz bvp + crowd + momentum,2026-06-16T22:00:00Z,4d4f2b9b78182b557d4fbf8dcf4f4af2
Iraq vs Norway,Moneyline,Will Norway win the match?,0.7027,70.3,fundamentals,lbenz bvp + crowd + momentum,2026-06-16T22:00:00Z,4d4f2b9b78182b557d4fbf8dcf4f4af2
Iraq vs Norway,Moneyline,Will the match end in a draw?,0.1926,19.3,fundamentals,lbenz bvp + crowd + momentum,2026-06-16T22:00:00Z,4d4f2b9b78182b557d4fbf8dcf4f4af2
Iraq vs Norway,Total Goals,Will total goals be over 2.5?,0.4965,49.7,fundamentals,lbenz bvp + crowd + momentum,2026-06-16T22:00:00Z,4d4f2b9b78182b557d4fbf8dcf4f4af2
Iraq vs Norway,BTTS,Will both teams score?,0.4065,40.6,fundamentals,lbenz bvp + crowd + momentum,2026-06-16T22:00:00Z,4d4f2b9b78182b557d4fbf8dcf4f4af2
Argentina vs Algeria,Moneyline,Will Argentina win the match?,0.7398,74.0,fundamentals,lbenz bvp + crowd + momentum,2026-06-17T01:00:00Z,f31b2ee9e1cc6f7e641467f8237eaa21
Argentina vs Algeria,Moneyline,Will Algeria win the match?,0.0868,8.7,fundamentals,lbenz bvp + crowd + momentum,2026-06-17T01:00:00Z,f31b2ee9e1cc6f7e641467f8237eaa21
Argentina vs Algeria,Moneyline,Will the match end in a draw?,0.1734,17.3,fundamentals,lbenz bvp + crowd + momentum,2026-06-17T01:00:00Z,f31b2ee9e1cc6f7e641467f8237eaa21
Argentina vs Algeria,Total Goals,Will total goals be over 2.5?,0.5242,52.4,fundamentals,lbenz bvp + crowd + momentum,2026-06-17T01:00:00Z,f31b2ee9e1cc6f7e641467f8237eaa21
Argentina vs Algeria,BTTS,Will both teams score?,0.397,39.7,fundamentals,lbenz bvp + crowd + momentum,2026-06-17T01:00:00Z,f31b2ee9e1cc6f7e641467f8237eaa21
Austria vs Jordan,Moneyline,Will Austria win the match?,0.5955,59.6,fundamentals,lbenz bvp + crowd + momentum,2026-06-17T04:00:00Z,25161cf6cf0cd9be17ae2e7e224a1f45
Austria vs Jordan,Moneyline,Will Jordan win the match?,0.1786,17.9,fundamentals,lbenz bvp + crowd + momentum,2026-06-17T04:00:00Z,25161cf6cf0cd9be17ae2e7e224a1f45
Austria vs Jordan,Moneyline,Will the match end in a draw?,0.2259,22.6,fundamentals,lbenz bvp + crowd + momentum,2026-06-17T04:00:00Z,25161cf6cf0cd9be17ae2e7e224a1f45
Austria vs Jordan,Total Goals,Will total goals be over 2.5?,0.5096,51.0,fundamentals,lbenz bvp + crowd + momentum,2026-06-17T04:00:00Z,25161cf6cf0cd9be17ae2e7e224a1f45
Austria vs Jordan,BTTS,Will both teams score?,0.4933,49.3,fundamentals,lbenz bvp + crowd + momentum,2026-06-17T04:00:00Z,25161cf6cf0cd9be17ae2e7e224a1f45
Portugal vs DR Congo,Moneyline,Will Portugal win the match?,0.6846,68.5,fundamentals,lbenz bvp + crowd + momentum,2026-06-17T17:00:00Z,6cc871c121a1869b4612d3fb22fa9d55
Portugal vs DR Congo,Moneyline,Will DR Congo win the match?,0.1169,11.7,fundamentals,lbenz bvp + crowd + momentum,2026-06-17T17:00:00Z,6cc871c121a1869b4612d3fb22fa9d55
Portugal vs DR Congo,Moneyline,Will the match end in a draw?,0.1985,19.8,fundamentals,lbenz bvp + crowd + momentum,2026-06-17T17:00:00Z,6cc871c121a1869b4612d3fb22fa9d55
Portugal vs DR Congo,Total Goals,Will total goals be over 2.5?,0.5031,50.3,fundamentals,lbenz bvp + crowd + momentum,2026-06-17T17:00:00Z,6cc871c121a1869b4612d3fb22fa9d55
Portugal vs DR Congo,BTTS,Will both teams score?,0.4281,42.8,fundamentals,lbenz bvp + crowd + momentum,2026-06-17T17:00:00Z,6cc871c121a1869b4612d3fb22fa9d55
England vs Croatia,Moneyline,Will England win the match?,0.522,52.2,fundamentals,lbenz bvp + crowd + momentum,2026-06-17T20:00:00Z,689096c8cd7e2753b9fec95321943c5d
England vs Croatia,Moneyline,Will Croatia win the match?,0.2154,21.5,fundamentals,lbenz bvp + crowd + momentum,2026-06-17T20:00:00Z,689096c8cd7e2753b9fec95321943c5d
England vs Croatia,Moneyline,Will the match end in a draw?,0.2627,26.3,fundamentals,lbenz bvp + crowd + momentum,2026-06-17T20:00:00Z,689096c8cd7e2753b9fec95321943c5d
England vs Croatia,Total Goals,Will total goals be over 2.5?,0.4159,41.6,fundamentals,lbenz bvp + crowd + momentum,2026-06-17T20:00:00Z,689096c8cd7e2753b9fec95321943c5d
England vs Croatia,BTTS,Will both teams score?,0.445,44.5,fundamentals,lbenz bvp + crowd + momentum,2026-06-17T20:00:00Z,689096c8cd7e2753b9fec95321943c5d
Ghana vs Panama,Moneyline,Will Ghana win the match?,0.4379,43.8,fundamentals,lbenz bvp + crowd + momentum,2026-06-17T23:00:00Z,87afdb85c977b451e1c00f5e3e632601
Ghana vs Panama,Moneyline,Will Panama win the match?,0.2736,27.4,fundamentals,lbenz bvp + crowd + momentum,2026-06-17T23:00:00Z,87afdb85c977b451e1c00f5e3e632601
Ghana vs Panama,Moneyline,Will the match end in a draw?,0.2886,28.9,fundamentals,lbenz bvp + crowd + momentum,2026-06-17T23:00:00Z,87afdb85c977b451e1c00f5e3e632601
Ghana vs Panama,Total Goals,Will total goals be over 2.5?,0.3691,36.9,fundamentals,lbenz bvp + crowd + momentum,2026-06-17T23:00:00Z,87afdb85c977b451e1c00f5e3e632601
Ghana vs Panama,BTTS,Will both teams score?,0.4293,42.9,fundamentals,lbenz bvp + crowd + momentum,2026-06-17T23:00:00Z,87afdb85c977b451e1c00f5e3e632601
Uzbekistan vs Colombia,Moneyline,Will Uzbekistan win the match?,0.0752,7.5,fundamentals,lbenz bvp + crowd + momentum,2026-06-18T02:00:00Z,22083e7a8e5362c711bc05c1e1319a1f
Uzbekistan vs Colombia,Moneyline,Will Colombia win the match?,0.7383,73.8,fundamentals,lbenz bvp + crowd + momentum,2026-06-18T02:00:00Z,22083e7a8e5362c711bc05c1e1319a1f
Uzbekistan vs Colombia,Moneyline,Will the match end in a draw?,0.1865,18.7,fundamentals,lbenz bvp + crowd + momentum,2026-06-18T02:00:00Z,22083e7a8e5362c711bc05c1e1319a1f
Uzbekistan vs Colombia,Total Goals,Will total goals be over 2.5?,0.4395,43.9,fundamentals,lbenz bvp + crowd + momentum,2026-06-18T02:00:00Z,22083e7a8e5362c711bc05c1e1319a1f
Uzbekistan vs Colombia,BTTS,Will both teams score?,0.316,31.6,fundamentals,lbenz bvp + crowd + momentum,2026-06-18T02:00:00Z,22083e7a8e5362c711bc05c1e1319a1f
Czech Republic vs South Africa,Moneyline,Will Czech Republic win the match?,0.4575,45.8,fundamentals,lbenz bvp + crowd + momentum,2026-06-18T16:00:00Z,66ebb9e3f949caded535d97ce686ca09
Czech Republic vs South Africa,Moneyline,Will South Africa win the match?,0.274,27.4,fundamentals,lbenz bvp + crowd + momentum,2026-06-18T16:00:00Z,66ebb9e3f949caded535d97ce686ca09
Czech Republic vs South Africa,Moneyline,Will the match end in a draw?,0.2685,26.8,fundamentals,lbenz bvp + crowd + momentum,2026-06-18T16:00:00Z,66ebb9e3f949caded535d97ce686ca09
Czech Republic vs South Africa,Total Goals,Will total goals be over 2.5?,0.4378,43.8,fundamentals,lbenz bvp + crowd + momentum,2026-06-18T16:00:00Z,66ebb9e3f949caded535d97ce686ca09
Czech Republic vs South Africa,BTTS,Will both teams score?,0.4834,48.3,fundamentals,lbenz bvp + crowd + momentum,2026-06-18T16:00:00Z,66ebb9e3f949caded535d97ce686ca09
Switzerland vs Bosnia & Herzegovina,Moneyline,Will Switzerland win the match?,0.6633,66.3,fundamentals,lbenz bvp + crowd + momentum,2026-06-18T19:00:00Z,289bc2e9f5adad8ae4d9a75a7c5461ad
Switzerland vs Bosnia & Herzegovina,Moneyline,Will Bosnia & Herzegovina win the match?,0.1377,13.8,fundamentals,lbenz bvp + crowd + momentum,2026-06-18T19:00:00Z,289bc2e9f5adad8ae4d9a75a7c5461ad
Switzerland vs Bosnia & Herzegovina,Moneyline,Will the match end in a draw?,0.1991,19.9,fundamentals,lbenz bvp + crowd + momentum,2026-06-18T19:00:00Z,289bc2e9f5adad8ae4d9a75a7c5461ad
Switzerland vs Bosnia & Herzegovina,Total Goals,Will total goals be over 2.5?,0.5478,54.8,fundamentals,lbenz bvp + crowd + momentum,2026-06-18T19:00:00Z,289bc2e9f5adad8ae4d9a75a7c5461ad
Switzerland vs Bosnia & Herzegovina,BTTS,Will both teams score?,0.4856,48.6,fundamentals,lbenz bvp + crowd + momentum,2026-06-18T19:00:00Z,289bc2e9f5adad8ae4d9a75a7c5461ad
Canada vs Qatar,Moneyline,Will Canada win the match?,0.8659,86.6,fundamentals,lbenz bvp + crowd + momentum,2026-06-18T22:00:00Z,fa9502285b257b03e62968d50d9229fc
Canada vs Qatar,Moneyline,Will Qatar win the match?,0.0343,3.4,fundamentals,lbenz bvp + crowd + momentum,2026-06-18T22:00:00Z,fa9502285b257b03e62968d50d9229fc
Canada vs Qatar,Moneyline,Will the match end in a draw?,0.0999,10.0,fundamentals,lbenz bvp + crowd + momentum,2026-06-18T22:00:00Z,fa9502285b257b03e62968d50d9229fc
Canada vs Qatar,Total Goals,Will total goals be over 2.5?,0.6376,63.8,fundamentals,lbenz bvp + crowd + momentum,2026-06-18T22:00:00Z,fa9502285b257b03e62968d50d9229fc
Canada vs Qatar,BTTS,Will both teams score?,0.3304,33.0,fundamentals,lbenz bvp + crowd + momentum,2026-06-18T22:00:00Z,fa9502285b257b03e62968d50d9229fc
Mexico vs South Korea,Moneyline,Will Mexico win the match?,0.6157,61.6,fundamentals,lbenz bvp + crowd + momentum,2026-06-19T01:00:00Z,0f2aeae6ac8e77223848d23a4ca86b0d
Mexico vs South Korea,Moneyline,Will South Korea win the match?,0.1344,13.4,fundamentals,lbenz bvp + crowd + momentum,2026-06-19T01:00:00Z,0f2aeae6ac8e77223848d23a4ca86b0d
Mexico vs South Korea,Moneyline,Will the match end in a draw?,0.2499,25.0,fundamentals,lbenz bvp + crowd + momentum,2026-06-19T01:00:00Z,0f2aeae6ac8e77223848d23a4ca86b0d
Mexico vs South Korea,Total Goals,Will total goals be over 2.5?,0.3611,36.1,fundamentals,lbenz bvp + crowd + momentum,2026-06-19T01:00:00Z,0f2aeae6ac8e77223848d23a4ca86b0d
Mexico vs South Korea,BTTS,Will both teams score?,0.3459,34.6,fundamentals,lbenz bvp + crowd + momentum,2026-06-19T01:00:00Z,0f2aeae6ac8e77223848d23a4ca86b0d
USA vs Australia,Moneyline,Will USA win the match?,0.5378,53.8,fundamentals,lbenz bvp + crowd + momentum,2026-06-19T19:00:00Z,065b3573e875f8d23803357f73e5b99e
USA vs Australia,Moneyline,Will Australia win the match?,0.2056,20.6,fundamentals,lbenz bvp + crowd + momentum,2026-06-19T19:00:00Z,065b3573e875f8d23803357f73e5b99e
USA vs Australia,Moneyline,Will the match end in a draw?,0.2565,25.7,fundamentals,lbenz bvp + crowd + momentum,2026-06-19T19:00:00Z,065b3573e875f8d23803357f73e5b99e
USA vs Australia,Total Goals,Will total goals be over 2.5?,0.4276,42.8,fundamentals,lbenz bvp + crowd + momentum,2026-06-19T19:00:00Z,065b3573e875f8d23803357f73e5b99e
USA vs Australia,BTTS,Will both teams score?,0.4489,44.9,fundamentals,lbenz bvp + crowd + momentum,2026-06-19T19:00:00Z,065b3573e875f8d23803357f73e5b99e
Scotland vs Morocco,Moneyline,Will Scotland win the match?,0.1681,16.8,fundamentals,lbenz bvp + crowd + momentum,2026-06-19T22:00:00Z,4cd769aa7bae0ad9762bd69b80ef2903
Scotland vs Morocco,Moneyline,Will Morocco win the match?,0.5553,55.5,fundamentals,lbenz bvp + crowd + momentum,2026-06-19T22:00:00Z,4cd769aa7bae0ad9762bd69b80ef2903
Scotland vs Morocco,Moneyline,Will the match end in a draw?,0.2766,27.7,fundamentals,lbenz bvp + crowd + momentum,2026-06-19T22:00:00Z,4cd769aa7bae0ad9762bd69b80ef2903
Scotland vs Morocco,Total Goals,Will total goals be over 2.5?,0.3288,32.9,fundamentals,lbenz bvp + crowd + momentum,2026-06-19T22:00:00Z,4cd769aa7bae0ad9762bd69b80ef2903
Scotland vs Morocco,BTTS,Will both teams score?,0.3506,35.1,fundamentals,lbenz bvp + crowd + momentum,2026-06-19T22:00:00Z,4cd769aa7bae0ad9762bd69b80ef2903
Brazil vs Haiti,Moneyline,Will Brazil win the match?,0.9016,90.2,fundamentals,lbenz bvp + crowd + momentum,2026-06-20T01:00:00Z,ef0f74a991d3e35798ae5af77667bce1
Brazil vs Haiti,Moneyline,Will Haiti win the match?,0.03,3.0,fundamentals,lbenz bvp + crowd + momentum,2026-06-20T01:00:00Z,ef0f74a991d3e35798ae5af77667bce1
Brazil vs Haiti,Moneyline,Will the match end in a draw?,0.0721,7.2,fundamentals,lbenz bvp + crowd + momentum,2026-06-20T01:00:00Z,ef0f74a991d3e35798ae5af77667bce1
Brazil vs Haiti,Total Goals,Will total goals be over 2.5?,0.7465,74.7,fundamentals,lbenz bvp + crowd + momentum,2026-06-20T01:00:00Z,ef0f74a991d3e35798ae5af77667bce1
Brazil vs Haiti,BTTS,Will both teams score?,0.3785,37.8,fundamentals,lbenz bvp + crowd + momentum,2026-06-20T01:00:00Z,ef0f74a991d3e35798ae5af77667bce1
Turkey vs Paraguay,Moneyline,Will Turkey win the match?,0.3667,36.7,fundamentals,lbenz bvp + crowd + momentum,2026-06-20T03:00:00Z,f955d4b3395ce6e3b5ac1031ca52ca4e
Turkey vs Paraguay,Moneyline,Will Paraguay win the match?,0.3598,36.0,fundamentals,lbenz bvp + crowd + momentum,2026-06-20T03:00:00Z,f955d4b3395ce6e3b5ac1031ca52ca4e
Turkey vs Paraguay,Moneyline,Will the match end in a draw?,0.2735,27.3,fundamentals,lbenz bvp + crowd + momentum,2026-06-20T03:00:00Z,f955d4b3395ce6e3b5ac1031ca52ca4e
Turkey vs Paraguay,Total Goals,Will total goals be over 2.5?,0.4424,44.2,fundamentals,lbenz bvp + crowd + momentum,2026-06-20T03:00:00Z,f955d4b3395ce6e3b5ac1031ca52ca4e
Turkey vs Paraguay,BTTS,Will both teams score?,0.4981,49.8,fundamentals,lbenz bvp + crowd + momentum,2026-06-20T03:00:00Z,f955d4b3395ce6e3b5ac1031ca52ca4e
Netherlands vs Sweden,Moneyline,Will Netherlands win the match?,0.6104,61.0,fundamentals,lbenz bvp + crowd + momentum,2026-06-20T17:00:00Z,4f0c518545b0096c68326daf25bffc1e
Netherlands vs Sweden,Moneyline,Will Sweden win the match?,0.1897,19.0,fundamentals,lbenz bvp + crowd + momentum,2026-06-20T17:00:00Z,4f0c518545b0096c68326daf25bffc1e
Netherlands vs Sweden,Moneyline,Will the match end in a draw?,0.1999,20.0,fundamentals,lbenz bvp + crowd + momentum,2026-06-20T17:00:00Z,4f0c518545b0096c68326daf25bffc1e
Netherlands vs Sweden,Total Goals,Will total goals be over 2.5?,0.6442,64.4,fundamentals,lbenz bvp + crowd + momentum,2026-06-20T17:00:00Z,4f0c518545b0096c68326daf25bffc1e
Netherlands vs Sweden,BTTS,Will both teams score?,0.6028,60.3,fundamentals,lbenz bvp + crowd + momentum,2026-06-20T17:00:00Z,4f0c518545b0096c68326daf25bffc1e
Germany vs Ivory Coast,Moneyline,Will Germany win the match?,0.617,61.7,fundamentals,lbenz bvp + crowd + momentum,2026-06-20T20:00:00Z,f1ab0f69832972a329243522ceaa7804
Germany vs Ivory Coast,Moneyline,Will Ivory Coast win the match?,0.1653,16.5,fundamentals,lbenz bvp + crowd + momentum,2026-06-20T20:00:00Z,f1ab0f69832972a329243522ceaa7804
Germany vs Ivory Coast,Moneyline,Will the match end in a draw?,0.2177,21.8,fundamentals,lbenz bvp + crowd + momentum,2026-06-20T20:00:00Z,f1ab0f69832972a329243522ceaa7804
Germany vs Ivory Coast,Total Goals,Will total goals be over 2.5?,0.5221,52.2,fundamentals,lbenz bvp + crowd + momentum,2026-06-20T20:00:00Z,f1ab0f69832972a329243522ceaa7804
Germany vs Ivory Coast,BTTS,Will both teams score?,0.4924,49.2,fundamentals,lbenz bvp + crowd + momentum,2026-06-20T20:00:00Z,f1ab0f69832972a329243522ceaa7804
Ecuador vs Curaçao,Moneyline,Will Ecuador win the match?,0.7063,70.6,fundamentals,lbenz bvp + crowd + momentum,2026-06-21T00:00:00Z,681895f294b670b4c7b14495dfb583bc
Ecuador vs Curaçao,Moneyline,Will Curaçao win the match?,0.0958,9.6,fundamentals,lbenz bvp + crowd + momentum,2026-06-21T00:00:00Z,681895f294b670b4c7b14495dfb583bc
Ecuador vs Curaçao,Moneyline,Will the match end in a draw?,0.1979,19.8,fundamentals,lbenz bvp + crowd + momentum,2026-06-21T00:00:00Z,681895f294b670b4c7b14495dfb583bc
Ecuador vs Curaçao,Total Goals,Will total goals be over 2.5?,0.4543,45.4,fundamentals,lbenz bvp + crowd + momentum,2026-06-21T00:00:00Z,681895f294b670b4c7b14495dfb583bc
Ecuador vs Curaçao,BTTS,Will both teams score?,0.3629,36.3,fundamentals,lbenz bvp + crowd + momentum,2026-06-21T00:00:00Z,681895f294b670b4c7b14495dfb583bc
Tunisia vs Japan,Moneyline,Will Tunisia win the match?,0.1042,10.4,fundamentals,lbenz bvp + crowd + momentum,2026-06-21T04:00:00Z,dfc5202cf1b8ae002cf952cd04f235b9
Tunisia vs Japan,Moneyline,Will Japan win the match?,0.677,67.7,fundamentals,lbenz bvp + crowd + momentum,2026-06-21T04:00:00Z,dfc5202cf1b8ae002cf952cd04f235b9
Tunisia vs Japan,Moneyline,Will the match end in a draw?,0.2187,21.9,fundamentals,lbenz bvp + crowd + momentum,2026-06-21T04:00:00Z,dfc5202cf1b8ae002cf952cd04f235b9
Tunisia vs Japan,Total Goals,Will total goals be over 2.5?,0.403,40.3,fundamentals,lbenz bvp + crowd + momentum,2026-06-21T04:00:00Z,dfc5202cf1b8ae002cf952cd04f235b9
Tunisia vs Japan,BTTS,Will both teams score?,0.3398,34.0,fundamentals,lbenz bvp + crowd + momentum,2026-06-21T04:00:00Z,dfc5202cf1b8ae002cf952cd04f235b9
Spain vs Saudi Arabia,Moneyline,Will Spain win the match?,0.8201,82.0,fundamentals,lbenz bvp + crowd + momentum,2026-06-21T16:00:00Z,73529a242e319a86bf3d00ddb4accc37
Spain vs Saudi Arabia,Moneyline,Will Saudi Arabia win the match?,0.0489,4.9,fundamentals,lbenz bvp + crowd + momentum,2026-06-21T16:00:00Z,73529a242e319a86bf3d00ddb4accc37
Spain vs Saudi Arabia,Moneyline,Will the match end in a draw?,0.131,13.1,fundamentals,lbenz bvp + crowd + momentum,2026-06-21T16:00:00Z,73529a242e319a86bf3d00ddb4accc37
Spain vs Saudi Arabia,Total Goals,Will total goals be over 2.5?,0.564,56.4,fundamentals,lbenz bvp + crowd + momentum,2026-06-21T16:00:00Z,73529a242e319a86bf3d00ddb4accc37
Spain vs Saudi Arabia,BTTS,Will both teams score?,0.3336,33.4,fundamentals,lbenz bvp + crowd + momentum,2026-06-21T16:00:00Z,73529a242e319a86bf3d00ddb4accc37
Belgium vs Iran,Moneyline,Will Belgium win the match?,0.4698,47.0,fundamentals,lbenz bvp + crowd + momentum,2026-06-21T19:00:00Z,5f92f257386ec5bf7c6e2498a21f3a61
Belgium vs Iran,Moneyline,Will Iran win the match?,0.2727,27.3,fundamentals,lbenz bvp + crowd + momentum,2026-06-21T19:00:00Z,5f92f257386ec5bf7c6e2498a21f3a61
Belgium vs Iran,Moneyline,Will the match end in a draw?,0.2575,25.8,fundamentals,lbenz bvp + crowd + momentum,2026-06-21T19:00:00Z,5f92f257386ec5bf7c6e2498a21f3a61
Belgium vs Iran,Total Goals,Will total goals be over 2.5?,0.479,47.9,fundamentals,lbenz bvp + crowd + momentum,2026-06-21T19:00:00Z,5f92f257386ec5bf7c6e2498a21f3a61
Belgium vs Iran,BTTS,Will both teams score?,0.5149,51.5,fundamentals,lbenz bvp + crowd + momentum,2026-06-21T19:00:00Z,5f92f257386ec5bf7c6e2498a21f3a61
Uruguay vs Cape Verde,Moneyline,Will Uruguay win the match?,0.6179,61.8,fundamentals,lbenz bvp + crowd + momentum,2026-06-21T22:00:00Z,852a3abe6d46820720febc0fedebff9a
Uruguay vs Cape Verde,Moneyline,Will Cape Verde win the match?,0.1452,14.5,fundamentals,lbenz bvp + crowd + momentum,2026-06-21T22:00:00Z,852a3abe6d46820720febc0fedebff9a
Uruguay vs Cape Verde,Moneyline,Will the match end in a draw?,0.2369,23.7,fundamentals,lbenz bvp + crowd + momentum,2026-06-21T22:00:00Z,852a3abe6d46820720febc0fedebff9a
Uruguay vs Cape Verde,Total Goals,Will total goals be over 2.5?,0.4171,41.7,fundamentals,lbenz bvp + crowd + momentum,2026-06-21T22:00:00Z,852a3abe6d46820720febc0fedebff9a
Uruguay vs Cape Verde,BTTS,Will both teams score?,0.397,39.7,fundamentals,lbenz bvp + crowd + momentum,2026-06-21T22:00:00Z,852a3abe6d46820720febc0fedebff9a
New Zealand vs Egypt,Moneyline,Will New Zealand win the match?,0.1542,15.4,fundamentals,lbenz bvp + crowd + momentum,2026-06-22T01:00:00Z,c1ec9a65f4b4cf74477b368a7d6282de
New Zealand vs Egypt,Moneyline,Will Egypt win the match?,0.5682,56.8,fundamentals,lbenz bvp + crowd + momentum,2026-06-22T01:00:00Z,c1ec9a65f4b4cf74477b368a7d6282de
New Zealand vs Egypt,Moneyline,Will the match end in a draw?,0.2776,27.8,fundamentals,lbenz bvp + crowd + momentum,2026-06-22T01:00:00Z,c1ec9a65f4b4cf74477b368a7d6282de
New Zealand vs Egypt,Total Goals,Will total goals be over 2.5?,0.3121,31.2,fundamentals,lbenz bvp + crowd + momentum,2026-06-22T01:00:00Z,c1ec9a65f4b4cf74477b368a7d6282de
New Zealand vs Egypt,BTTS,Will both teams score?,0.3276,32.8,fundamentals,lbenz bvp + crowd + momentum,2026-06-22T01:00:00Z,c1ec9a65f4b4cf74477b368a7d6282de
Argentina vs Austria,Moneyline,Will Argentina win the match?,0.696,69.6,fundamentals,lbenz bvp + crowd + momentum,2026-06-22T17:00:00Z,be6c63f416c67bca1300a98f5b89c3af
Argentina vs Austria,Moneyline,Will Austria win the match?,0.1072,10.7,fundamentals,lbenz bvp + crowd + momentum,2026-06-22T17:00:00Z,be6c63f416c67bca1300a98f5b89c3af
Argentina vs Austria,Moneyline,Will the match end in a draw?,0.1968,19.7,fundamentals,lbenz bvp + crowd + momentum,2026-06-22T17:00:00Z,be6c63f416c67bca1300a98f5b89c3af
Argentina vs Austria,Total Goals,Will total goals be over 2.5?,0.4863,48.6,fundamentals,lbenz bvp + crowd + momentum,2026-06-22T17:00:00Z,be6c63f416c67bca1300a98f5b89c3af
Argentina vs Austria,BTTS,Will both teams score?,0.4027,40.3,fundamentals,lbenz bvp + crowd + momentum,2026-06-22T17:00:00Z,be6c63f416c67bca1300a98f5b89c3af
France vs Iraq,Moneyline,Will France win the match?,0.8272,82.7,fundamentals,lbenz bvp + crowd + momentum,2026-06-22T21:00:00Z,7ad7a0ce2ef2618bb59b066da5642f70
France vs Iraq,Moneyline,Will Iraq win the match?,0.0412,4.1,fundamentals,lbenz bvp + crowd + momentum,2026-06-22T21:00:00Z,7ad7a0ce2ef2618bb59b066da5642f70
France vs Iraq,Moneyline,Will the match end in a draw?,0.1316,13.2,fundamentals,lbenz bvp + crowd + momentum,2026-06-22T21:00:00Z,7ad7a0ce2ef2618bb59b066da5642f70
France vs Iraq,Total Goals,Will total goals be over 2.5?,0.523,52.3,fundamentals,lbenz bvp + crowd + momentum,2026-06-22T21:00:00Z,7ad7a0ce2ef2618bb59b066da5642f70
France vs Iraq,BTTS,Will both teams score?,0.2797,28.0,fundamentals,lbenz bvp + crowd + momentum,2026-06-22T21:00:00Z,7ad7a0ce2ef2618bb59b066da5642f70
Norway vs Senegal,Moneyline,Will Norway win the match?,0.4174,41.7,fundamentals,lbenz bvp + crowd + momentum,2026-06-23T00:00:00Z,3f48473742ca0fd2a85930554720c75e
Norway vs Senegal,Moneyline,Will Senegal win the match?,0.3164,31.6,fundamentals,lbenz bvp + crowd + momentum,2026-06-23T00:00:00Z,3f48473742ca0fd2a85930554720c75e
Norway vs Senegal,Moneyline,Will the match end in a draw?,0.2662,26.6,fundamentals,lbenz bvp + crowd + momentum,2026-06-23T00:00:00Z,3f48473742ca0fd2a85930554720c75e
Norway vs Senegal,Total Goals,Will total goals be over 2.5?,0.4643,46.4,fundamentals,lbenz bvp + crowd + momentum,2026-06-23T00:00:00Z,3f48473742ca0fd2a85930554720c75e
Norway vs Senegal,BTTS,Will both teams score?,0.5123,51.2,fundamentals,lbenz bvp + crowd + momentum,2026-06-23T00:00:00Z,3f48473742ca0fd2a85930554720c75e
Jordan vs Algeria,Moneyline,Will Jordan win the match?,0.1954,19.5,fundamentals,lbenz bvp + crowd + momentum,2026-06-23T03:00:00Z,fd8533b650e655030f6a7946f8795db2
Jordan vs Algeria,Moneyline,Will Algeria win the match?,0.5813,58.1,fundamentals,lbenz bvp + crowd + momentum,2026-06-23T03:00:00Z,fd8533b650e655030f6a7946f8795db2
Jordan vs Algeria,Moneyline,Will the match end in a draw?,0.2233,22.3,fundamentals,lbenz bvp + crowd + momentum,2026-06-23T03:00:00Z,fd8533b650e655030f6a7946f8795db2
Jordan vs Algeria,Total Goals,Will total goals be over 2.5?,0.5452,54.5,fundamentals,lbenz bvp + crowd + momentum,2026-06-23T03:00:00Z,fd8533b650e655030f6a7946f8795db2
Jordan vs Algeria,BTTS,Will both teams score?,0.5312,53.1,fundamentals,lbenz bvp + crowd + momentum,2026-06-23T03:00:00Z,fd8533b650e655030f6a7946f8795db2
Portugal vs Uzbekistan,Moneyline,Will Portugal win the match?,0.7645,76.5,fundamentals,lbenz bvp + crowd + momentum,2026-06-23T17:00:00Z,8ba93d190f1f934e33862a97a6353a6e
Portugal vs Uzbekistan,Moneyline,Will Uzbekistan win the match?,0.0746,7.5,fundamentals,lbenz bvp + crowd + momentum,2026-06-23T17:00:00Z,8ba93d190f1f934e33862a97a6353a6e
Portugal vs Uzbekistan,Moneyline,Will the match end in a draw?,0.1609,16.1,fundamentals,lbenz bvp + crowd + momentum,2026-06-23T17:00:00Z,8ba93d190f1f934e33862a97a6353a6e
Portugal vs Uzbekistan,Total Goals,Will total goals be over 2.5?,0.5368,53.7,fundamentals,lbenz bvp + crowd + momentum,2026-06-23T17:00:00Z,8ba93d190f1f934e33862a97a6353a6e
Portugal vs Uzbekistan,BTTS,Will both teams score?,0.3817,38.2,fundamentals,lbenz bvp + crowd + momentum,2026-06-23T17:00:00Z,8ba93d190f1f934e33862a97a6353a6e
England vs Ghana,Moneyline,Will England win the match?,0.7047,70.5,fundamentals,lbenz bvp + crowd + momentum,2026-06-23T20:00:00Z,2f49dd8deae3079dc4eb2d634d18a99c
England vs Ghana,Moneyline,Will Ghana win the match?,0.0977,9.8,fundamentals,lbenz bvp + crowd + momentum,2026-06-23T20:00:00Z,2f49dd8deae3079dc4eb2d634d18a99c
England vs Ghana,Moneyline,Will the match end in a draw?,0.1976,19.8,fundamentals,lbenz bvp + crowd + momentum,2026-06-23T20:00:00Z,2f49dd8deae3079dc4eb2d634d18a99c
England vs Ghana,Total Goals,Will total goals be over 2.5?,0.4598,46.0,fundamentals,lbenz bvp + crowd + momentum,2026-06-23T20:00:00Z,2f49dd8deae3079dc4eb2d634d18a99c
England vs Ghana,BTTS,Will both teams score?,0.3697,37.0,fundamentals,lbenz bvp + crowd + momentum,2026-06-23T20:00:00Z,2f49dd8deae3079dc4eb2d634d18a99c
Panama vs Croatia,Moneyline,Will Panama win the match?,0.1241,12.4,fundamentals,lbenz bvp + crowd + momentum,2026-06-23T23:00:00Z,c1bc8c26480cd42b89a0de5329581314
Panama vs Croatia,Moneyline,Will Croatia win the match?,0.6787,67.9,fundamentals,lbenz bvp + crowd + momentum,2026-06-23T23:00:00Z,c1bc8c26480cd42b89a0de5329581314
Panama vs Croatia,Moneyline,Will the match end in a draw?,0.1972,19.7,fundamentals,lbenz bvp + crowd + momentum,2026-06-23T23:00:00Z,c1bc8c26480cd42b89a0de5329581314
Panama vs Croatia,Total Goals,Will total goals be over 2.5?,0.5249,52.5,fundamentals,lbenz bvp + crowd + momentum,2026-06-23T23:00:00Z,c1bc8c26480cd42b89a0de5329581314
Panama vs Croatia,BTTS,Will both teams score?,0.4531,45.3,fundamentals,lbenz bvp + crowd + momentum,2026-06-23T23:00:00Z,c1bc8c26480cd42b89a0de5329581314
Colombia vs DR Congo,Moneyline,Will Colombia win the match?,0.6495,65.0,fundamentals,lbenz bvp + crowd + momentum,2026-06-24T02:00:00Z,68bfc965eb267508e04d8e8d75c1a0ae
Colombia vs DR Congo,Moneyline,Will DR Congo win the match?,0.1228,12.3,fundamentals,lbenz bvp + crowd + momentum,2026-06-24T02:00:00Z,68bfc965eb267508e04d8e8d75c1a0ae
Colombia vs DR Congo,Moneyline,Will the match end in a draw?,0.2277,22.8,fundamentals,lbenz bvp + crowd + momentum,2026-06-24T02:00:00Z,68bfc965eb267508e04d8e8d75c1a0ae
Colombia vs DR Congo,Total Goals,Will total goals be over 2.5?,0.4096,41.0,fundamentals,lbenz bvp + crowd + momentum,2026-06-24T02:00:00Z,68bfc965eb267508e04d8e8d75c1a0ae
Colombia vs DR Congo,BTTS,Will both teams score?,0.368,36.8,fundamentals,lbenz bvp + crowd + momentum,2026-06-24T02:00:00Z,68bfc965eb267508e04d8e8d75c1a0ae
Bosnia & Herzegovina vs Qatar,Moneyline,Will Bosnia & Herzegovina win the match?,0.4923,49.2,fundamentals,lbenz bvp + crowd + momentum,2026-06-24T19:00:00Z,512ac18beb5aa936a59f7ea3e497ada2
Bosnia & Herzegovina vs Qatar,Moneyline,Will Qatar win the match?,0.2684,26.8,fundamentals,lbenz bvp + crowd + momentum,2026-06-24T19:00:00Z,512ac18beb5aa936a59f7ea3e497ada2
Bosnia & Herzegovina vs Qatar,Moneyline,Will the match end in a draw?,0.2393,23.9,fundamentals,lbenz bvp + crowd + momentum,2026-06-24T19:00:00Z,512ac18beb5aa936a59f7ea3e497ada2
Bosnia & Herzegovina vs Qatar,Total Goals,Will total goals be over 2.5?,0.5527,55.3,fundamentals,lbenz bvp + crowd + momentum,2026-06-24T19:00:00Z,512ac18beb5aa936a59f7ea3e497ada2
Bosnia & Herzegovina vs Qatar,BTTS,Will both teams score?,0.5697,57.0,fundamentals,lbenz bvp + crowd + momentum,2026-06-24T19:00:00Z,512ac18beb5aa936a59f7ea3e497ada2
Switzerland vs Canada,Moneyline,Will Switzerland win the match?,0.2437,24.4,fundamentals,lbenz bvp + crowd + momentum,2026-06-24T19:00:00Z,c9ef5822ee64fd5275f7c73251bb56c7
Switzerland vs Canada,Moneyline,Will Canada win the match?,0.4947,49.5,fundamentals,lbenz bvp + crowd + momentum,2026-06-24T19:00:00Z,c9ef5822ee64fd5275f7c73251bb56c7
Switzerland vs Canada,Moneyline,Will the match end in a draw?,0.2617,26.2,fundamentals,lbenz bvp + crowd + momentum,2026-06-24T19:00:00Z,c9ef5822ee64fd5275f7c73251bb56c7
Switzerland vs Canada,Total Goals,Will total goals be over 2.5?,0.4432,44.3,fundamentals,lbenz bvp + crowd + momentum,2026-06-24T19:00:00Z,c9ef5822ee64fd5275f7c73251bb56c7
Switzerland vs Canada,BTTS,Will both teams score?,0.478,47.8,fundamentals,lbenz bvp + crowd + momentum,2026-06-24T19:00:00Z,c9ef5822ee64fd5275f7c73251bb56c7
Scotland vs Brazil,Moneyline,Will Scotland win the match?,0.0724,7.2,fundamentals,lbenz bvp + crowd + momentum,2026-06-24T22:00:00Z,885ba95805db310a7bcc3fb1a7a6dd28
Scotland vs Brazil,Moneyline,Will Brazil win the match?,0.771,77.1,fundamentals,lbenz bvp + crowd + momentum,2026-06-24T22:00:00Z,885ba95805db310a7bcc3fb1a7a6dd28
Scotland vs Brazil,Moneyline,Will the match end in a draw?,0.1566,15.7,fundamentals,lbenz bvp + crowd + momentum,2026-06-24T22:00:00Z,885ba95805db310a7bcc3fb1a7a6dd28
Scotland vs Brazil,Total Goals,Will total goals be over 2.5?,0.5477,54.8,fundamentals,lbenz bvp + crowd + momentum,2026-06-24T22:00:00Z,885ba95805db310a7bcc3fb1a7a6dd28
Scotland vs Brazil,BTTS,Will both teams score?,0.3849,38.5,fundamentals,lbenz bvp + crowd + momentum,2026-06-24T22:00:00Z,885ba95805db310a7bcc3fb1a7a6dd28
Morocco vs Haiti,Moneyline,Will Morocco win the match?,0.7506,75.1,fundamentals,lbenz bvp + crowd + momentum,2026-06-24T22:00:00Z,d1279ce7f33136a33e99ad442fc855e8
Morocco vs Haiti,Moneyline,Will Haiti win the match?,0.0745,7.5,fundamentals,lbenz bvp + crowd + momentum,2026-06-24T22:00:00Z,d1279ce7f33136a33e99ad442fc855e8
Morocco vs Haiti,Moneyline,Will the match end in a draw?,0.1749,17.5,fundamentals,lbenz bvp + crowd + momentum,2026-06-24T22:00:00Z,d1279ce7f33136a33e99ad442fc855e8
Morocco vs Haiti,Total Goals,Will total goals be over 2.5?,0.4796,48.0,fundamentals,lbenz bvp + crowd + momentum,2026-06-24T22:00:00Z,d1279ce7f33136a33e99ad442fc855e8
Morocco vs Haiti,BTTS,Will both teams score?,0.3417,34.2,fundamentals,lbenz bvp + crowd + momentum,2026-06-24T22:00:00Z,d1279ce7f33136a33e99ad442fc855e8
Czech Republic vs Mexico,Moneyline,Will Czech Republic win the match?,0.0981,9.8,fundamentals,lbenz bvp + crowd + momentum,2026-06-25T01:00:00Z,5993bd5196ca09f83990f0c3261e442e
Czech Republic vs Mexico,Moneyline,Will Mexico win the match?,0.6946,69.5,fundamentals,lbenz bvp + crowd + momentum,2026-06-25T01:00:00Z,5993bd5196ca09f83990f0c3261e442e
Czech Republic vs Mexico,Moneyline,Will the match end in a draw?,0.2073,20.7,fundamentals,lbenz bvp + crowd + momentum,2026-06-25T01:00:00Z,5993bd5196ca09f83990f0c3261e442e
Czech Republic vs Mexico,Total Goals,Will total goals be over 2.5?,0.427,42.7,fundamentals,lbenz bvp + crowd + momentum,2026-06-25T01:00:00Z,5993bd5196ca09f83990f0c3261e442e
Czech Republic vs Mexico,BTTS,Will both teams score?,0.3474,34.7,fundamentals,lbenz bvp + crowd + momentum,2026-06-25T01:00:00Z,5993bd5196ca09f83990f0c3261e442e
South Africa vs South Korea,Moneyline,Will South Africa win the match?,0.2112,21.1,fundamentals,lbenz bvp + crowd + momentum,2026-06-25T01:00:00Z,c0355dfc6e26ec327e379b6ef5824a5f
South Africa vs South Korea,Moneyline,Will South Korea win the match?,0.5208,52.1,fundamentals,lbenz bvp + crowd + momentum,2026-06-25T01:00:00Z,c0355dfc6e26ec327e379b6ef5824a5f
South Africa vs South Korea,Moneyline,Will the match end in a draw?,0.2679,26.8,fundamentals,lbenz bvp + crowd + momentum,2026-06-25T01:00:00Z,c0355dfc6e26ec327e379b6ef5824a5f
South Africa vs South Korea,Total Goals,Will total goals be over 2.5?,0.3947,39.5,fundamentals,lbenz bvp + crowd + momentum,2026-06-25T01:00:00Z,c0355dfc6e26ec327e379b6ef5824a5f
South Africa vs South Korea,BTTS,Will both teams score?,0.4268,42.7,fundamentals,lbenz bvp + crowd + momentum,2026-06-25T01:00:00Z,c0355dfc6e26ec327e379b6ef5824a5f
Curaçao vs Ivory Coast,Moneyline,Will Curaçao win the match?,0.1107,11.1,fundamentals,lbenz bvp + crowd + momentum,2026-06-25T20:00:00Z,a5a0b544a984ab16e564264f3e859b43
Curaçao vs Ivory Coast,Moneyline,Will Ivory Coast win the match?,0.6755,67.6,fundamentals,lbenz bvp + crowd + momentum,2026-06-25T20:00:00Z,a5a0b544a984ab16e564264f3e859b43
Curaçao vs Ivory Coast,Moneyline,Will the match end in a draw?,0.2138,21.4,fundamentals,lbenz bvp + crowd + momentum,2026-06-25T20:00:00Z,a5a0b544a984ab16e564264f3e859b43
Curaçao vs Ivory Coast,Total Goals,Will total goals be over 2.5?,0.4323,43.2,fundamentals,lbenz bvp + crowd + momentum,2026-06-25T20:00:00Z,a5a0b544a984ab16e564264f3e859b43
Curaçao vs Ivory Coast,BTTS,Will both teams score?,0.3691,36.9,fundamentals,lbenz bvp + crowd + momentum,2026-06-25T20:00:00Z,a5a0b544a984ab16e564264f3e859b43
Ecuador vs Germany,Moneyline,Will Ecuador win the match?,0.223,22.3,fundamentals,lbenz bvp + crowd + momentum,2026-06-25T20:00:00Z,0ec28b84ec399bd4dffbe8d1bc72b3c4
Ecuador vs Germany,Moneyline,Will Germany win the match?,0.5217,52.2,fundamentals,lbenz bvp + crowd + momentum,2026-06-25T20:00:00Z,0ec28b84ec399bd4dffbe8d1bc72b3c4
Ecuador vs Germany,Moneyline,Will the match end in a draw?,0.2553,25.5,fundamentals,lbenz bvp + crowd + momentum,2026-06-25T20:00:00Z,0ec28b84ec399bd4dffbe8d1bc72b3c4
Ecuador vs Germany,Total Goals,Will total goals be over 2.5?,0.4491,44.9,fundamentals,lbenz bvp + crowd + momentum,2026-06-25T20:00:00Z,0ec28b84ec399bd4dffbe8d1bc72b3c4
Ecuador vs Germany,BTTS,Will both teams score?,0.4739,47.4,fundamentals,lbenz bvp + crowd + momentum,2026-06-25T20:00:00Z,0ec28b84ec399bd4dffbe8d1bc72b3c4
Japan vs Sweden,Moneyline,Will Japan win the match?,0.5352,53.5,fundamentals,lbenz bvp + crowd + momentum,2026-06-25T23:00:00Z,0ed0233bddc4eafc8507f86a9c17b998
Japan vs Sweden,Moneyline,Will Sweden win the match?,0.2298,23.0,fundamentals,lbenz bvp + crowd + momentum,2026-06-25T23:00:00Z,0ed0233bddc4eafc8507f86a9c17b998
Japan vs Sweden,Moneyline,Will the match end in a draw?,0.2349,23.5,fundamentals,lbenz bvp + crowd + momentum,2026-06-25T23:00:00Z,0ed0233bddc4eafc8507f86a9c17b998
Japan vs Sweden,Total Goals,Will total goals be over 2.5?,0.5371,53.7,fundamentals,lbenz bvp + crowd + momentum,2026-06-25T23:00:00Z,0ed0233bddc4eafc8507f86a9c17b998
Japan vs Sweden,BTTS,Will both teams score?,0.5435,54.4,fundamentals,lbenz bvp + crowd + momentum,2026-06-25T23:00:00Z,0ed0233bddc4eafc8507f86a9c17b998
Tunisia vs Netherlands,Moneyline,Will Tunisia win the match?,0.0887,8.9,fundamentals,lbenz bvp + crowd + momentum,2026-06-25T23:00:00Z,f3c4657daa143a0c5bd62cb370d01ce4
Tunisia vs Netherlands,Moneyline,Will Netherlands win the match?,0.7338,73.4,fundamentals,lbenz bvp + crowd + momentum,2026-06-25T23:00:00Z,f3c4657daa143a0c5bd62cb370d01ce4
Tunisia vs Netherlands,Moneyline,Will the match end in a draw?,0.1775,17.7,fundamentals,lbenz bvp + crowd + momentum,2026-06-25T23:00:00Z,f3c4657daa143a0c5bd62cb370d01ce4
Tunisia vs Netherlands,Total Goals,Will total goals be over 2.5?,0.5132,51.3,fundamentals,lbenz bvp + crowd + momentum,2026-06-25T23:00:00Z,f3c4657daa143a0c5bd62cb370d01ce4
Tunisia vs Netherlands,BTTS,Will both teams score?,0.3926,39.3,fundamentals,lbenz bvp + crowd + momentum,2026-06-25T23:00:00Z,f3c4657daa143a0c5bd62cb370d01ce4
Paraguay vs Australia,Moneyline,Will Paraguay win the match?,0.2619,26.2,fundamentals,lbenz bvp + crowd + momentum,2026-06-26T02:00:00Z,22f6ac06dfcc88a847920f62633e6459
Paraguay vs Australia,Moneyline,Will Australia win the match?,0.4318,43.2,fundamentals,lbenz bvp + crowd + momentum,2026-06-26T02:00:00Z,22f6ac06dfcc88a847920f62633e6459
Paraguay vs Australia,Moneyline,Will the match end in a draw?,0.3064,30.6,fundamentals,lbenz bvp + crowd + momentum,2026-06-26T02:00:00Z,22f6ac06dfcc88a847920f62633e6459
Paraguay vs Australia,Total Goals,Will total goals be over 2.5?,0.3131,31.3,fundamentals,lbenz bvp + crowd + momentum,2026-06-26T02:00:00Z,22f6ac06dfcc88a847920f62633e6459
Paraguay vs Australia,BTTS,Will both teams score?,0.3809,38.1,fundamentals,lbenz bvp + crowd + momentum,2026-06-26T02:00:00Z,22f6ac06dfcc88a847920f62633e6459
Turkey vs USA,Moneyline,Will Turkey win the match?,0.1529,15.3,fundamentals,lbenz bvp + crowd + momentum,2026-06-26T02:00:00Z,f41aeac9a8343a84b4950f15ea25fba2
Turkey vs USA,Moneyline,Will USA win the match?,0.6499,65.0,fundamentals,lbenz bvp + crowd + momentum,2026-06-26T02:00:00Z,f41aeac9a8343a84b4950f15ea25fba2
Turkey vs USA,Moneyline,Will the match end in a draw?,0.1972,19.7,fundamentals,lbenz bvp + crowd + momentum,2026-06-26T02:00:00Z,f41aeac9a8343a84b4950f15ea25fba2
Turkey vs USA,Total Goals,Will total goals be over 2.5?,0.5884,58.8,fundamentals,lbenz bvp + crowd + momentum,2026-06-26T02:00:00Z,f41aeac9a8343a84b4950f15ea25fba2
Turkey vs USA,BTTS,Will both teams score?,0.5313,53.1,fundamentals,lbenz bvp + crowd + momentum,2026-06-26T02:00:00Z,f41aeac9a8343a84b4950f15ea25fba2
Norway vs France,Moneyline,Will Norway win the match?,0.2096,21.0,fundamentals,lbenz bvp + crowd + momentum,2026-06-26T19:00:00Z,b86b4d60f773e9e3c46c00e9a6496e79
Norway vs France,Moneyline,Will France win the match?,0.5725,57.3,fundamentals,lbenz bvp + crowd + momentum,2026-06-26T19:00:00Z,b86b4d60f773e9e3c46c00e9a6496e79
Norway vs France,Moneyline,Will the match end in a draw?,0.2179,21.8,fundamentals,lbenz bvp + crowd + momentum,2026-06-26T19:00:00Z,b86b4d60f773e9e3c46c00e9a6496e79
Norway vs France,Total Goals,Will total goals be over 2.5?,0.5888,58.9,fundamentals,lbenz bvp + crowd + momentum,2026-06-26T19:00:00Z,b86b4d60f773e9e3c46c00e9a6496e79
Norway vs France,BTTS,Will both teams score?,0.5725,57.2,fundamentals,lbenz bvp + crowd + momentum,2026-06-26T19:00:00Z,b86b4d60f773e9e3c46c00e9a6496e79
Senegal vs Iraq,Moneyline,Will Senegal win the match?,0.5781,57.8,fundamentals,lbenz bvp + crowd + momentum,2026-06-26T19:00:00Z,7e6aee294ea1a4792c59558791084528
Senegal vs Iraq,Moneyline,Will Iraq win the match?,0.1541,15.4,fundamentals,lbenz bvp + crowd + momentum,2026-06-26T19:00:00Z,7e6aee294ea1a4792c59558791084528
Senegal vs Iraq,Moneyline,Will the match end in a draw?,0.2678,26.8,fundamentals,lbenz bvp + crowd + momentum,2026-06-26T19:00:00Z,7e6aee294ea1a4792c59558791084528
Senegal vs Iraq,Total Goals,Will total goals be over 2.5?,0.3371,33.7,fundamentals,lbenz bvp + crowd + momentum,2026-06-26T19:00:00Z,7e6aee294ea1a4792c59558791084528
Senegal vs Iraq,BTTS,Will both teams score?,0.3461,34.6,fundamentals,lbenz bvp + crowd + momentum,2026-06-26T19:00:00Z,7e6aee294ea1a4792c59558791084528
Cape Verde vs Saudi Arabia,Moneyline,Will Cape Verde win the match?,0.3481,34.8,fundamentals,lbenz bvp + crowd + momentum,2026-06-27T00:00:00Z,e07b1926be5a4d515c7eb108dbcee9c5
Cape Verde vs Saudi Arabia,Moneyline,Will Saudi Arabia win the match?,0.3317,33.2,fundamentals,lbenz bvp + crowd + momentum,2026-06-27T00:00:00Z,e07b1926be5a4d515c7eb108dbcee9c5
Cape Verde vs Saudi Arabia,Moneyline,Will the match end in a draw?,0.3203,32.0,fundamentals,lbenz bvp + crowd + momentum,2026-06-27T00:00:00Z,e07b1926be5a4d515c7eb108dbcee9c5
Cape Verde vs Saudi Arabia,Total Goals,Will total goals be over 2.5?,0.2908,29.1,fundamentals,lbenz bvp + crowd + momentum,2026-06-27T00:00:00Z,e07b1926be5a4d515c7eb108dbcee9c5
Cape Verde vs Saudi Arabia,BTTS,Will both teams score?,0.3711,37.1,fundamentals,lbenz bvp + crowd + momentum,2026-06-27T00:00:00Z,e07b1926be5a4d515c7eb108dbcee9c5
Uruguay vs Spain,Moneyline,Will Uruguay win the match?,0.176,17.6,fundamentals,lbenz bvp + crowd + momentum,2026-06-27T00:00:00Z,dcff2e31c0bce001a4db5caaf4fa8822
Uruguay vs Spain,Moneyline,Will Spain win the match?,0.5804,58.0,fundamentals,lbenz bvp + crowd + momentum,2026-06-27T00:00:00Z,dcff2e31c0bce001a4db5caaf4fa8822
Uruguay vs Spain,Moneyline,Will the match end in a draw?,0.2436,24.4,fundamentals,lbenz bvp + crowd + momentum,2026-06-27T00:00:00Z,dcff2e31c0bce001a4db5caaf4fa8822
Uruguay vs Spain,Total Goals,Will total goals be over 2.5?,0.4388,43.9,fundamentals,lbenz bvp + crowd + momentum,2026-06-27T00:00:00Z,dcff2e31c0bce001a4db5caaf4fa8822
Uruguay vs Spain,BTTS,Will both teams score?,0.4386,43.9,fundamentals,lbenz bvp + crowd + momentum,2026-06-27T00:00:00Z,dcff2e31c0bce001a4db5caaf4fa8822
New Zealand vs Belgium,Moneyline,Will New Zealand win the match?,0.077,7.7,fundamentals,lbenz bvp + crowd + momentum,2026-06-27T03:00:00Z,581691da05dcd75b5c6d3be91ee9d2ab
New Zealand vs Belgium,Moneyline,Will Belgium win the match?,0.7757,77.6,fundamentals,lbenz bvp + crowd + momentum,2026-06-27T03:00:00Z,581691da05dcd75b5c6d3be91ee9d2ab
New Zealand vs Belgium,Moneyline,Will the match end in a draw?,0.1473,14.7,fundamentals,lbenz bvp + crowd + momentum,2026-06-27T03:00:00Z,581691da05dcd75b5c6d3be91ee9d2ab
New Zealand vs Belgium,Total Goals,Will total goals be over 2.5?,0.6094,60.9,fundamentals,lbenz bvp + crowd + momentum,2026-06-27T03:00:00Z,581691da05dcd75b5c6d3be91ee9d2ab
New Zealand vs Belgium,BTTS,Will both teams score?,0.4407,44.1,fundamentals,lbenz bvp + crowd + momentum,2026-06-27T03:00:00Z,581691da05dcd75b5c6d3be91ee9d2ab
Egypt vs Iran,Moneyline,Will Egypt win the match?,0.3244,32.4,fundamentals,lbenz bvp + crowd + momentum,2026-06-27T03:00:00Z,3e3b5fa2b3c963e74cf044c60db0b573
Egypt vs Iran,Moneyline,Will Iran win the match?,0.3531,35.3,fundamentals,lbenz bvp + crowd + momentum,2026-06-27T03:00:00Z,3e3b5fa2b3c963e74cf044c60db0b573
Egypt vs Iran,Moneyline,Will the match end in a draw?,0.3225,32.3,fundamentals,lbenz bvp + crowd + momentum,2026-06-27T03:00:00Z,3e3b5fa2b3c963e74cf044c60db0b573
Egypt vs Iran,Total Goals,Will total goals be over 2.5?,0.2846,28.5,fundamentals,lbenz bvp + crowd + momentum,2026-06-27T03:00:00Z,3e3b5fa2b3c963e74cf044c60db0b573
Egypt vs Iran,BTTS,Will both teams score?,0.3655,36.6,fundamentals,lbenz bvp + crowd + momentum,2026-06-27T03:00:00Z,3e3b5fa2b3c963e74cf044c60db0b573
Croatia vs Ghana,Moneyline,Will Croatia win the match?,0.56,56.0,fundamentals,lbenz bvp + crowd + momentum,2026-06-27T21:00:00Z,537c0997cd899394f47f16545b7068b2
Croatia vs Ghana,Moneyline,Will Ghana win the match?,0.1897,19.0,fundamentals,lbenz bvp + crowd + momentum,2026-06-27T21:00:00Z,537c0997cd899394f47f16545b7068b2
Croatia vs Ghana,Moneyline,Will the match end in a draw?,0.2503,25.0,fundamentals,lbenz bvp + crowd + momentum,2026-06-27T21:00:00Z,537c0997cd899394f47f16545b7068b2
Croatia vs Ghana,Total Goals,Will total goals be over 2.5?,0.4319,43.2,fundamentals,lbenz bvp + crowd + momentum,2026-06-27T21:00:00Z,537c0997cd899394f47f16545b7068b2
Croatia vs Ghana,BTTS,Will both teams score?,0.4427,44.3,fundamentals,lbenz bvp + crowd + momentum,2026-06-27T21:00:00Z,537c0997cd899394f47f16545b7068b2
Panama vs England,Moneyline,Will Panama win the match?,0.0619,6.2,fundamentals,lbenz bvp + crowd + momentum,2026-06-27T21:00:00Z,4be17c8e1ccfecb0f2a5ef79e045c415
Panama vs England,Moneyline,Will England win the match?,0.7938,79.4,fundamentals,lbenz bvp + crowd + momentum,2026-06-27T21:00:00Z,4be17c8e1ccfecb0f2a5ef79e045c415
Panama vs England,Moneyline,Will the match end in a draw?,0.1443,14.4,fundamentals,lbenz bvp + crowd + momentum,2026-06-27T21:00:00Z,4be17c8e1ccfecb0f2a5ef79e045c415
Panama vs England,Total Goals,Will total goals be over 2.5?,0.5618,56.2,fundamentals,lbenz bvp + crowd + momentum,2026-06-27T21:00:00Z,4be17c8e1ccfecb0f2a5ef79e045c415
Panama vs England,BTTS,Will both teams score?,0.3698,37.0,fundamentals,lbenz bvp + crowd + momentum,2026-06-27T21:00:00Z,4be17c8e1ccfecb0f2a5ef79e045c415
Colombia vs Portugal,Moneyline,Will Colombia win the match?,0.3742,37.4,fundamentals,lbenz bvp + crowd + momentum,2026-06-27T23:30:00Z,67ae5751c401a98409b8566ae4897069
Colombia vs Portugal,Moneyline,Will Portugal win the match?,0.3642,36.4,fundamentals,lbenz bvp + crowd + momentum,2026-06-27T23:30:00Z,67ae5751c401a98409b8566ae4897069
Colombia vs Portugal,Moneyline,Will the match end in a draw?,0.2616,26.2,fundamentals,lbenz bvp + crowd + momentum,2026-06-27T23:30:00Z,67ae5751c401a98409b8566ae4897069
Colombia vs Portugal,Total Goals,Will total goals be over 2.5?,0.4915,49.2,fundamentals,lbenz bvp + crowd + momentum,2026-06-27T23:30:00Z,67ae5751c401a98409b8566ae4897069
Colombia vs Portugal,BTTS,Will both teams score?,0.537,53.7,fundamentals,lbenz bvp + crowd + momentum,2026-06-27T23:30:00Z,67ae5751c401a98409b8566ae4897069
DR Congo vs Uzbekistan,Moneyline,Will DR Congo win the match?,0.4361,43.6,fundamentals,lbenz bvp + crowd + momentum,2026-06-27T23:30:00Z,13eab94a136b9c264ba974cf437a5f71
DR Congo vs Uzbekistan,Moneyline,Will Uzbekistan win the match?,0.2473,24.7,fundamentals,lbenz bvp + crowd + momentum,2026-06-27T23:30:00Z,13eab94a136b9c264ba974cf437a5f71
DR Congo vs Uzbekistan,Moneyline,Will the match end in a draw?,0.3166,31.7,fundamentals,lbenz bvp + crowd + momentum,2026-06-27T23:30:00Z,13eab94a136b9c264ba974cf437a5f71
DR Congo vs Uzbekistan,Total Goals,Will total goals be over 2.5?,0.2819,28.2,fundamentals,lbenz bvp + crowd + momentum,2026-06-27T23:30:00Z,13eab94a136b9c264ba974cf437a5f71
DR Congo vs Uzbekistan,BTTS,Will both teams score?,0.3511,35.1,fundamentals,lbenz bvp + crowd + momentum,2026-06-27T23:30:00Z,13eab94a136b9c264ba974cf437a5f71
Algeria vs Austria,Moneyline,Will Algeria win the match?,0.3437,34.4,fundamentals,lbenz bvp + crowd + momentum,2026-06-28T02:00:00Z,8756200e539155e571557c4f2e0d7f05
Algeria vs Austria,Moneyline,Will Austria win the match?,0.405,40.5,fundamentals,lbenz bvp + crowd + momentum,2026-06-28T02:00:00Z,8756200e539155e571557c4f2e0d7f05
Algeria vs Austria,Moneyline,Will the match end in a draw?,0.2513,25.1,fundamentals,lbenz bvp + crowd + momentum,2026-06-28T02:00:00Z,8756200e539155e571557c4f2e0d7f05
Algeria vs Austria,Total Goals,Will total goals be over 2.5?,0.5344,53.4,fundamentals,lbenz bvp + crowd + momentum,2026-06-28T02:00:00Z,8756200e539155e571557c4f2e0d7f05
Algeria vs Austria,BTTS,Will both teams score?,0.5695,57.0,fundamentals,lbenz bvp + crowd + momentum,2026-06-28T02:00:00Z,8756200e539155e571557c4f2e0d7f05
Jordan vs Argentina,Moneyline,Will Jordan win the match?,0.0334,3.3,fundamentals,lbenz bvp + crowd + momentum,2026-06-28T02:00:00Z,54697f453437ab26276d773be1d72e9b
Jordan vs Argentina,Moneyline,Will Argentina win the match?,0.8592,85.9,fundamentals,lbenz bvp + crowd + momentum,2026-06-28T02:00:00Z,54697f453437ab26276d773be1d72e9b
Jordan vs Argentina,Moneyline,Will the match end in a draw?,0.1074,10.7,fundamentals,lbenz bvp + crowd + momentum,2026-06-28T02:00:00Z,54697f453437ab26276d773be1d72e9b
Jordan vs Argentina,Total Goals,Will total goals be over 2.5?,0.5915,59.1,fundamentals,lbenz bvp + crowd + momentum,2026-06-28T02:00:00Z,54697f453437ab26276d773be1d72e9b
Jordan vs Argentina,BTTS,Will both teams score?,0.2934,29.3,fundamentals,lbenz bvp + crowd + momentum,2026-06-28T02:00:00Z,54697f453437ab26276d773be1d72e9b
